Date,Time,Site,Rep,FQ_ID,FQ_PH,FQ_chl,FQ_ratio,CF_PH,CF_chl,CF_ratio,temperature_C,DO_pct,turbidity,chl_RFU,maramataka,weather_description,water_description,Notes 
20/01/2025,9:45,Hannah's Bay ,1,A,0.1,6.7,0.01,1749.2,7104.5,0.24,21.3,102.3,1.4,2.75,Korekore-piri-ki-ng?-Tangaroa ,"Overcast, fine spells. ","Murky, slight wave action with wind. ",
,,,2,,0.1,8.91,0.01,1953.3,7560.6,0.25,,,,,,,,
,,,3,,0.1,8.57,0.01,2092.5,6816.5,0.3,,,,,,,,
,10:40,Te P?hue ,1,,0.1,0.75,0.13,120.9,630.67,0.19,22.2,88.5,0.45,0.31,,,"Clear, little wave action",
,,,2,,0.1,0.35,0.28,29.57,519.35,0.05,,,,,,,,
,,,3,,0.1,0.7,0.14,0.69,602.74,0.001,,,,,,,,
,10:53,Ohau Channel ,1,,0.1,2.77,0.03,265.77,839.96,0.31,20.2,80.6,1.02,0.5,,,"Clear, slight wave action",
,,,2,,0.1,2.22,0.04,440.97,906.26,0.48,,,,,,,,
,,,3,,0.1,1.68,0.05,98.1,2255.6,0.13,,,,,,,,
,11:23,Hamurana (bridge),1,,0.1,2.03,0.04,98.24,558.29,0.17,19.1,146.3,0.79,0.43,,,"Murky, slight wave action with wind. ",
,,,2,,0.1,2.23,0.04,239.72,1004.7,0.23,,,,,,,,
,,,3,,0.1,1.34,0.07,170.98,1013.5,0.16,,,,,,,,
,11:39,Hamurana (West),1,,0.1,1.49,0.06,109.91,509.35,0.21,21.8,124.5,0.6,0.28,,,"Murky, slight wave action with wind. ",
,,,2,,0.1,2.13,0.04,66.6,593.97,0.11,,,,,,,,
,,,3,,0.1,1.98,0.05,92.02,699.59,0.13,,,,,,,,
,11:56,Awahou (Tarimano),1,,64,1.78,35.95,72.12,315.75,0.22,14.7,100.1,0.81,0.07,,,"Clear, little wave action",
,,,2,,17.04,0.94,,92.71,215.45,0.43,,,,,,,,
,,,3,,0.1,2.27,0.04,36.41,167.45,0.21,,,,,,,,
,12:28,Ngongotaha ,1,,0.1,1.48,0.05,425.34,1112.3,0.2,19.5,109.8,2.92,0.41,,,"moderate wave action, murky water",
,,,2,,0.1,2.33,0.06,388.05,1471.4,0.43,,,,,,,,
,,,3,,0.1,1.09,0.05,561.02,1702.2,0.33,,,,,,,,
,12:53,Lake Front ,1,,0.1,9.7,0.01,1555.6,5695.8,0.27,20.9,142.1,3.95,0.77,,,"moderate wave action, murky water",
,,,2,,0.1,7.93,0.01,1572,5353.9,0.2,,,,,,,,
,,,3,,0.1,6.36,0.01,1557,4443.2,0.35,,,,,,,,
,,,,,,,,,,,,,,,,,,
22/01/2025,10:27,Hannah's Bay ,1,A,0.1,5.47,0.01,891.47,9226.6,0.09,20,99.9,11.1,1.93,Tangaroa-?-roto ,"Overcast/fine spells , Southeasterlies","Murky, slight wave action with wind. ",
,,,2,,0.1,7.68,0.01,1021.2,8855,0.11,,,,,,,,
,,,3,,0.1,11.28,0,415.54,3046.7,0.13,,,,,,,,
,10:57,Te P?hue ,1,,0.1,1.14,0.08,132.57,527.75,0.25,20.1,91.8,0.64,0.22,,,"Clear, little wave action",
,,,2,,0.1,0.95,1.1,129.12,564.36,0.1,,,,,,,,
,,,3,,0.1,0.9,0.11,175.13,518.13,0.11,,,,,,,,
,11:14,Ohau Channel ,1,,0.1,3.4,0.02,269.22,440.52,0.61,19.9,91.2,0.85,0.21,,,"Murky (due to swimmers stirring up sediment), slight wave action. ",
,,,2,,0.1,1.68,0.05,878.41,699.81,1.35,,,,,,,,
,,,3,,0.1,3.65,0.02,901.07,3871,0.23,,,,,,,,
,11:37,Hamurana (bridge),1,,54.6,4.54,12.03,622.01,8021.2,0.07,17.5,121.8,4.35,4.53,,,"Murky, high wave action with wind ",
,,,2,,43.65,7.63,5.72,554.96,3684.3,0.15,,,,,,,,
,,,3,,28.78,5.67,5.07,730.78,5433.2,0.13,,,,,,,,
,11:54,Hamurana (West),1,,46,4.13,9.72,372.92,1485.4,0.25,19.2,103.8,11.37,1,,,"Murky, high wave action with wind ",
,,,2,,17.82,3.95,4.51,462.94,1700.9,0.27,,,,,,,,
,,,3,,49.13,2.57,19.11,393.58,1397.3,0.28,,,,,,,,
,,Awahou (Tarimano),1,,,,,,,,,,,,,,,
,,,2,,,,Temporary road closure to sample site ,,,,,,,,,,,
,,,3,,,,,,,,,,,,,,,
,12:21,Ngongotaha ,1,,10.78,4.75,2.25,455.34,1622.3,0.28,18.7,111.3,3.82,0.51,,,"moderate wave action, murky water",
,,,2,,0.1,3.75,0.02,388.05,1471.4,0.26,,,,,,,,
,,,3,,6.25,11.72,0.53,581.07,1712.2,0.33,,,,,,,,
,12:40,Te Koutu ,1,,0.1,2.13,0.04,585.15,2026.2,0.28,20.8,109,1.26,0.62,,,"moderate wave action, murky water",
,,,2,,0.1,4,0.02,320.07,1545.6,0.2,,,,,,,,
,,,3,,19.39,2.22,8.73,407.25,2622.4,0.15,,,,,,,,
,13:05,Lake Front ,1,,46,0.75,61.33,175.82,730.04,0.24,23,102.8,1.61,0.41,,,"moderate wave action, murky water",
,,,2,,0.1,1.83,0.05,284.35,1061.5,0.26,,,,,,,,
,,,3,,0.1,1.02,0.06,180.66,922.18,0.19,,,,,,,,
,,,,,,,,,,,,,,,,,,
24/01/2025,11:02,Hannah's Bay ,1,A,0.1,1.18,0.05,339.97,1262.1,0.27,21.8,96.6,1.14,1.01,?tane ,"Finespells, light winds ","Murky, lake weed wash up, moderate wave action ",
,,,2,,0.1,3.45,0.02,266.46,1699.1,0.16,,,,,,,,
,,,3,,0.1,4.29,0.02,302.87,1677.3,0.18,,,,,,,,
,11:36,Te P?hue ,1,,0.1,2.37,0.04,162.07,1828.2,0.09,21.5,96.5,2.91,0.59,,,"clear, flat ",
,,,2,,0.1,3.5,0.02,243.8,2102.1,0.12,,,,,,,,
,,,3,,0.1,2.22,0.04,192.33,1863.9,0.10,,,,,,,,
,11:51,Ohau Channel ,1,,0.1,4.24,0.02,287.12,2264.3,0.13,22.3,111,3.04,0.65,,,"Clear, flat. ",
,,,2,,0.1,2.86,0.03,512.33,2196.3,0.23,,,,,,,,
,,,3,,20.95,3.85,5.44,1950.5,2822.6,0.51,,,,,,,,
,12:27,Hamurana (bridge),1,,42.86,5.32,8.05,515.79,2598.4,8.05,23,138.6,2.07,1.61,,,"Murky, high wave action with wind ",
,,,2,,20.17,4.44,4.54,473.95,2100.3,4.54,,,,,,,,
,,,3,,0.1,4.83,0.02,427.91,3043.3,0.02,,,,,,,,
,12:44,Hamurana (West),1,,0.1,4.34,0.02,808.36,2257.3,0.35,24.2,118,6.5,1.3,,,"Murky, high wave action with wind ",
,,,2,,0.1,4.88,0.02,662.11,2859.2,0.23,,,,,,,,
,,,3,,0.76,4.19,0.41,547.36,2295.7,0.23,,,,,,,,
,13:06,Awahou (Tarimano),1,,0.1,0.11,0.11,89.95,2295.7,0.24,15.7,97.8,1.04,0.13,,,"Clear, slight wave action ",
,,,2,,22.47,0.75,0.13,56.3,371.6,0.2,,,,,,,,
,,,3,,34.26,0.55,15.45,113.99,274.76,0.4,,,,,,,,
,13:31,Ngongotaha ,1,,0.1,3.65,0.02,133.26,960.34,0.13,24.7,116.4,1.43,0.58,,,"Murky, slight wave action ",
,,,2,,33.47,2.96,11.3,217.06,1691.3,0.12,,,,,,,,
,,,3,,34.26,1.59,21.54,225.28,1196.7,0.18,,,,,,,,
,13:56,Te Koutu ,1,,46.78,2.47,18.93,57.69,432.68,0.13,25.3,129.2,1.43,0.58,,,"Murky, moderate wave action ",
,,,2,,20.95,0.85,24.95,166.22,566.68,0.29,,,,,,,,
,,,3,,28,0.85,32.94,26.11,431.75,0.06,,,,,,,,
,10:23,Lake Front ,1,,0.1,1.34,0.07,63.9,641.13,0.0997,22.2,96.5,0.78,0.19,,,"Murky, high wave action, lake weed build up on shore ",
,,,2,,0.1,1.39,0.07,92.02,839.12,0.1097,,,,,,,,
,,,3,,0.1,2.47,0.04,143.56,811.19,0.177,,,,,,,,
,,,,,,,,,,,,,,,,,,
27/01/2025,,,,,,,Waitangi Day ,,,,,,,,,,,
,,,,,,,,,,,,,,,,,,
29/01/2025,9:40,Hannah's Bay ,1,A,0.1,4.58,0.02,598.2,2865.3,0.22,21.6,97.4,1.35,1,Tapikiora,"Overcast, slight winds ","Murky,  lake weed build up on shore,  moderate wave action ",
,,,2,,0.1,3.92,0.02,395.58,3284.9,0.12,,,,,,,,
,,,3,,0.1,5.05,0.02,4715.63,3199.3,0.14,,,,,,,,
,10:10,Te P?hue ,1,A,0.1,1.44,0.06,239.72,1140,0.21,21.5,96.5,1.6,0.52,,,"Clear, slight wave action ",
,,,2,,0.1,2.08,0.05,395.58,992.65,0.39,,,,,,,,
,,,3,,0.1,1.29,0.05,205.39,1043.1,0.19,,,,,,,,
,,,1,B,0.1,1.7,0.05,,,,,,,,,,,
,,,2,,0.1,1.7,0.06,,,,,,,,,,,
,,,3,,0.1,1.29,0.07,,,,,,,,,,,
,10:45,Ohau Channel ,1,A,0.1,5.22,0.01,365.39,1338,0.27,20.6,92.2,2.06,0.86,,,"Clear, moderate wave action ",
,,,2,,0.1,1.73,0.05,410.02,2077.6,0.19,,,,,,,,
,,,3,,0.1,3.7,0.02,599.44,2652.4,0.22,,,,,,,,
,,,1,B,0.1,8.98,0.01,,,,,,,,,,,
,,,2,,0.1,2.98,0.03,,,,,,,,,,,
,,,3,,0.1,5.85,0.02,,,,,,,,,,,
,11:05,Hamurana (East),1,A,0.1,10.64,0,1475.3,4139.7,0.35,20.8,98.7,4.02,2.39,,,"Murky, slight wave action, lake weed build up on shore ",
,,,2,,0.1,6.06,0.01,1470.4,7478.6,0.19,,,,,,,,
,,,3,,0.1,11.77,0,1416.9,5196.8,0.27,,,,,,,,
,,,1,B,0.1,8.98,0.01,,,,,,,,,,,
,,,2,,0.1,8.36,0.01,,,,,,,,,,,
,,,3,,0.1,7.23,0.01,,,,,,,,,,,
,11:30,Hamurana (bridge),1,A,0.1,3.85,0.02,331.74,2767.6,0.11,20.4,104.9,1.22,0.5,,,"Murky, high wave action, lake weed build up on shore (stinky!!!) ",
,,,2,,0.1,2.13,0.04,465.01,4689.2,0.09,,,,,,,,
,,,3,,0.1,2.62,0.03,484.21,2022.7,0.23,,,,,,,,
,,,1,B,0.1,2.32,0.04,,,,,,,,,,,
,,,2,,0.1,2.01,0.04,,,,,,,,,,,
,,,3,,0.1,3.41,0.02,,,,,,,,,,,
,11:45,Hamurana (West),1,A,0.1,0.85,0.11,258.93,2158.8,0.11,22.3,104.1,0.59,0.44,,,"Murky, high wave action, lake weed build up on shore. ",
,,,2,,0.1,1.24,0.08,170.36,937.64,0.18,,,,,,,,
,,,3,,0.1,1.63,0.06,280.9,1740.1,0.16,,,,,,,,
,,,1,B,0.1,1.62,0.06,,,,,,,,,,,
,,,2,,0.1,2.51,0.03,,,,,,,,,,,
,,,3,,0.1,2.4,0.04,,,,,,,,,,,
,12:07,Awahou (Tarimano),1,A,0.1,0.05,2,0,0,0,14.2,94.5,1.12,0.06,,,"Clear, flat. ",
,,,2,,0.1,0.05,2,0,0,0,,,,,,,,
,,,3,,0.1,0,,0,0,0,,,,,,,,
,,,1,B,0.1,0.41,0.24,,,,,,,,,,,
,,,2,,0.1,0.37,0.27,,,,,,,,,,,
,,,3,,0.1,0.1,1,,,,,,,,,,,
,12:30,Ngongotaha ,1,A,0.1,2.13,0.04,146.32,987.58,0.16,20.8,111.2,0.71,0.35,,,"Murky but slightly clear?, moderate wave action. ",
,,,2,,0.1,1.14,0.08,175.13,1524.7,0.11,,,,,,,,
,,,3,,0.1,1,0.1,159.31,1688.6,0.09,,,,,,,,
,,,1,B,0.1,1.66,0.06,,,,,,,,,,,
,,,2,,0.1,1.54,0.06,,,,,,,,,,,
,,,3,,0.1,1.66,0.06,,,,,,,,,,,
,13:00,Te Koutu ,1,A,0.1,2.08,0.04,122.97,1295.3,0.09,22.7,117.7,1.04,0.43,,,"Clear-ish, moderate wave action. ",
,,,2,,0.1,2.57,0.03,197.79,1351,0.14,,,,,,,,
,,,3,,0.1,1.88,0.05,217.06,1119.1,0.19,,,,,,,,
,,,1,B,0.1,1.62,0.06,,,,,,,,,,,
,,,2,,0.1,1.93,0.05,,,,,,,,,,,
,,,3,,0.1,2.16,0.06,,,,,,,,,,,
,13:30,Lake Front ,1,A,5.5,4.93,1.11,257.25,1097.3,0.22,21.2,115.8,1.34,0.4,,,"Murky, moderate wave action, lake weed build up on shore ",
,,,2,,0.1,2.03,0.04,294.65,1255.1,0.23,,,,,,,,
,,,3,,0.1,2.13,0.04,204.7,983.87,0.2,,,,,,,,
,,,1,B,0.1,2.36,0.04,,,,,,,,,,,
,,,2,,0.1,2.94,0.03,,,,,,,,,,,
,,,3,,0.1,2.16,0.04,,,,,,,,,,,
,,,,,,,,,,,,,,,,,,
31/01/2025,10:40,Hannah's Bay ,1,A,0.1,7.09,0.01,703.28,3743.6,0.18,23.3,97.1,0.98,2.31,?tirea,"Moderately fine, slight winds ","Murky, moderate wave action",
,,,2,,0.1,7.49,0.07,813.2,4579.3,0.17,,,,,,,,
,,,3,,0.1,6.31,0.01,768.57,4096.9,0.18,,,,,,,,
,11:20,Te P?hue ,1,,0.1,2.22,0.04,270,1462.7,0.18,23,102,1.26,1.09,,,"Clear, flat ",
,,,2,,0.1,2.37,0.03,361.93,2034.9,0.17,,,,,,,,
,,,3,,0.1,2.42,0.04,318.69,1749.7,0.18,,,,,,,,
,11:47,Ohau Channel ,1,,0.1,22.2,0.04,128.43,460.34,0.13,22.5,103.3,0.81,0.46,,,"Clear, slight wave action ",
,,,2,,0.1,1.19,0.08,297.41,1140.8,0.26,,,,,,,,
,,,3,,0.1,0.8,0.12,102.31,935.03,0.19,,,,,,,,
,11:50,Hamurana (East),1,,,,,,,,20,99,3.91,2.3,,,"Murky, flat, lake weed wash up on shore ",
,,,2,,,,,,,,,,,,,,,
,,,3,,,,,,,,,,,,,,,
,12:13,Hamurana (bridge),1,,22.52,1.44,15.63,229.43,2207.6,0.1,22.7,97.2,1.14,0.53,,,"Murky, moderate wave action, lake weed wash up on shore ",
,,,2,,0.03,2.62,0.03,403.87,2596.7,0.15,,,,,,,,
,,,3,,0.1,2.47,0.04,249.33,1236,0.2,,,,,,,,
,12:30,Hamurana (West),1,,0.1,2.27,0.04,814.58,2879.3,0.28,23.8,107.4,0.57,0.81,,,"Murky, moderate wave action, dried up lake weed on shore ",
,,,2,,0.1,4.98,0.02,264.46,2144.9,0.12,,,,,,,,
,,,3,,0.1,1.54,0.06,476.68,3353.7,0.14,,,,,,,,
,12:50,Awahou (Tarimano),1,,29.56,1.39,21.56,186.8,698.66,0.26,15.6,99,1.16,0.09,,,"clear, flat.",
,,,2,,0.1,1.14,0.08,109.22,421.29,0.25,,,,,,,,
,,,3,,0.1,1.39,0.07,84.49,443.98,0.19,,,,,,,,
,13:10,Ngongotaha ,1,,0.1,4.98,0.02,278.07,804.97,0.28,23.2,112,1.03,0.91,,,"Murky, slight wave action",
,,,2,,0.1,6.16,0.01,800.83,4201.6,0.19,,,,,,,,
,,,3,,0.1,4.49,0.02,1132.5,5348.6,0.21,,,,,,,,
,13:35,Te Koutu ,1,,0.1,,,,,,26,122,1.3,0.79,,,"Murky, slight wave action ",
,,,2,,0.1,,,,,,,,,,,,,
,,,3,,0.1,,,,,,,,,,,,,
,13:50,Lake Front ,1,,0.1,2.22,0.04,433.37,2097.7,0.2,27.5,170.2,3.24,2.76,,,"murky, moderate wave action, lake weed wash up ",
,,,2,,0.1,2.27,0.04,548.74,2422.2,0.22,,,,,,,,
,,,3,,0.1,2.81,0.03,515.79,1911.1,0.26,,,,,,,,
,,,,,,,,,,,,,,,,,,
3/2/2025,10:30,Hannah's Bay ,1,A,0.1,2.62,0.03,164.15,1332.3,0.21,22.1,93.4,0.79,0.75,Okorot?tea ,"Finespells, light winds ","Moderate wave action, murky",
,,,2,,0.1,2.72,0.03,287.12,1301.4,0.22,,,,,,,,
,,,3,,0.1,1.39,0.07,291.57,1440.9,0.2,,,,,,,,
,11:00,Te P?hue ,1,,0.1,2.47,0.04,315.23,1639,0.19,22.9,96.4,1.24,0.84,,,"Slight wave action, clear ",
,,,2,,0.1,2.23,0.04,397.65,2006.2,0.19,,,,,,,,
,,,3,,0.1,2.57,0.03,413.47,1653.7,0.25,,,,,,,,
,11:30,Ohau Channel ,1,,3.25,3.06,1.06,559.72,3088.6,0.18,21.8,93.6,0.76,0.82,,,"Slight wave action, clear ",
,,,2,,0.1,2.37,0.04,459.48,3831.8,0.11,,,,,,,,
,,,3,,0.1,1.83,0.05,533.68,3193.3,0.16,,,,,,,,
,12:00,Hamurana (East),1,,9.25,2.27,4.07,571.4,2004.4,0.28,23,98.8,1.87,1.01,,,"Cloudy but can still see lake bed, flat.",
,,,2,,14.69,1.96,7.41,344.8,1645,0.2,,,,,,,,
,,,3,,33.47,2.62,12.71,602.35,2204.4,0.27,,,,,,,,
,12:30,Hamurana (bridge),1,,26.43,2.98,8.92,614.02,2566.1,0.23,22.6,123.6,2.68,1.28,,,"Murky, slight wave action ",
,,,2,,0.1,2.81,0.08,607.12,3386.9,0.17,,,,,,,,
,,,3,,1,2.37,0.42,538.48,2395.1,0.22,,,,,,,,
,12:57,Hamurana (West),1,,0.1,2.67,0.03,755.51,3556.1,0.21,24.2,112.1,2.44,2.07,,,"Murky, slight wave action",
,,,2,,0.1,3.6,0.02,732.16,4301.9,0.17,,,,,,,,
,,,3,,0.1,2.42,0.04,894.23,4212.1,0.21,,,,,,,,
,13:27,Awahou (Tarimano),1,,0.1,1.24,0.08,114.68,224.14,0.51,15,99,0.28,0.05,,,"clear, slight wave action ",
,,,2,,13.91,0.03,46.36,129.12,188.37,0.68,,,,,,,,
,,,3,,33.47,0.3,111.56,97.55,164.83,0.59,,,,,,,,
,13:45,Ngongotaha ,1,,19.39,2.72,7.12,212.23,1388.6,0.15,23.6,122.1,1.3,0.84,,,Moderate wave action. murky-ish? (cloudy) ,
,,,2,,0.1,2.27,0.04,275.44,1433,0.19,,,,,,,,
,,,3,,0.1,1.88,0.05,299.48,1510.7,0.19,,,,,,,,
,14:10,Te Koutu ,1,,0.1,1.39,0.07,250.02,250.02,0.16,25.7,143.1,0.72,0.49,,,"Moderate Wave action, clear to cloudy looking water? ",
,,,2,,0.1,1.63,0.05,234.2,234.2,0.21,,,,,,,,
,,,3,,0.1,1.68,0.05,267.15,267.15,0.27,,,,,,,,
,14:34,Lake Front ,1,,0.1,3.4,0.02,427.91,2533,0.16,28.6,146.6,2.16,1.1,,,"Murky, moderate wave action, light winds. ",
,,,2,,0.1,3.21,0.03,456.72,2418.7,0.18,,,,,,,,
,,,3,,0.1,3.5,0.02,418.24,2192.8,0.19,,,,,,,,
,,,,,,,,,,,,,,,,,,
5/2/2025,11:00,Hannah's Bay ,1,A,0.1,4.93,0.02,1233.5,7822.3,0.15,23.8,101.1,0.81,1.18,Tamateaangana,"Partly cloudy, light winds ","Flat, cloudy ",
,,,2,,0.1,5.62,0.01,974.58,4202.4,0.23,,,,,,,,
,,,3,,0.1,5.13,0.01,918.96,3970.5,0.23,,,,,,,,
,11:30,Te P?hue ,1,,0.1,0.35,0.28,125.66,1022.2,0.12,24.5,94.9,0.6,0.3,,"slight wind and wave action, clear.","Slight wave action, clear. ",
,,,2,,0.1,1.14,0.08,217.75,1072,0.2,,,,,,,,
,,,3,,0.1,1.44,0.06,228.74,1004.7,0.22,,,,,,,,
,11:57,Ohau Channel ,1,,20.17,3.6,5.6,412.09,2982.2,0.13,23,91.1,1,0.96,,,"flat, clear.",
,,,2,,1.75,1.88,0.93,430.87,2648.1,0.15,,,,,,,,
,,,3,,7,3.85,1.81,557.03,2739.7,0.2,,,,,,,,
,12:15,Hamurana (East),1,,18.5,2.27,8.19,365.3,5272.2,0.14,23.8,107.3,1.6,1.09,,,"flar, clear ",
,,,2,,0.1,2.27,3.65,589.98,3862.3,0.15,,,,,,,,
,,,3,,0.1,5.13,2.25,710.88,2402.2,0.29,,,,,,,,
,12:30,Hamurana (bridge),1,,0.1,2.91,0.02,586.53,3063.3,0.19,23.3,107.4,1.18,1.12,,,"flat, cloudy",
,,,2,,0.1,3.65,0.02,378.45,2514.7,0.15,,,,,,,,
,,,3,,49.13,2.25,19.49,682,5989.7,0.11,,,,,,,,
,12:50,Hamurana (West),1,,0.1,4.34,0.02,385.98,2281.8,0.16,25.7,105.4,0.63,0.61,,,"flat, cloudy",
,,,2,,0.1,4.19,0.02,372.92,2461.5,0.15,,,,,,,,
,,,3,,0.1,4.63,0.02,441.59,2556.5,0.17,,,,,,,,
,13:05,Awahou (Tarimano),1,,4.75,0.85,5.58,70.05,231.98,0.3,15,98.5,8.5,0.09,,,"flat, clear",
,,,2,,37.39,0.75,49.85,19.9,223.3,0.08,,,,,,,,
,,,3,,31.91,0.8,39.88,85.87,266.07,0.34,,,,,,,,
,13:30,Ngongotaha ,1,,0.1,2.37,0.04,883.25,4206.8,0.21,24.6,111.5,0.91,1.03,,,"Flat, clear. ",
,,,2,,0.1,2.27,0.04,486.98,3437.5,0.14,,,,,,,,
,,,3,,0.1,3.01,0.03,546.04,3055.4,0.17,,,,,,,,
,13:59,Te Koutu ,1,,13.91,0.9,15.45,151.78,2172.7,0.06,26.3,122.4,0.61,0.22,,,"Moderate wind and wave action, clear ",
,,,2,,0.1,1.04,0.09,172.37,789.43,0.21,,,,,,,,
,,,3,,0.1,0.65,0.01,35.03,697.82,0.05,,,,,,,,
,14:10,Lake Front ,1,,0.1,6.21,0.01,3153.1,615.41,0.19,27.4,152.1,2.11,0.66,,,"Murky, moderate wind and wave action. ",
,,,2,,0.1,6.16,0.01,583.77,4203.3,0.13,,,,,,,,
,,,3,,0.1,6.01,0.01,626.39,4130.9,0.15,,,,,,,,
,,,,,,,,,,,,,,,,,,
7/2/2025,10:50,Hannah's Bay ,1,A,0.1,6.4,0.01,9.5,4105.6,0.17,24.1,97.2,1.21,1.99,Tamateawhakapau,"Partly cloudy, northerlies.","Murky, moderate wave action ",
,,,2,,0.1,4.54,0.02,329.67,2765.8,0.11,,,,,,,,
,,,3,,0.1,2.42,0.01,408.64,3334,0.12,,,,,,,,
,11:27,Te P?hue ,1,,0.1,1,0.1,169.76,2028.8,0.08,24,100.1,0.51,0.44,,,"clear, light wind and wave action",
,,,2,,0.1,1.09,0.09,427.91,2840.9,0.15,,,,,,,,
,,,3,,0.1,2.42,0.04,241.73,1181,0.2,,,,,,,,
,11:55,Ohau Channel ,1,,20.95,3.56,5.9,680.62,4002.62,0.17,22.1,101.3,1.11,1,,,"clear, flat.",
,,,2,,0.1,1.93,0.05,892.16,6200.8,0.14,,,,,,,,
,,,3,,0.1,2.57,0.03,479.38,2711.7,0.17,,,,,,,,
,12:13,Hamurana (East),1,,24.08,5.06,4.72,1210.1,5236.9,0.23,21.9,107.8,2.24,2.84,,,"flat, slightly cloudy",
,,,2,,10.76,4.24,2.54,817.96,5529.2,0.14,,,,,,,,
,,,3,,0.1,10.39,0,1181.3,5154.9,0.22,,,,,,,,
,12:30,Hamurana (bridge),1,,0.08,4.39,13.68,576.93,3100,0.18,19.8,142.4,1.57,1.4,,,"flat, murky",
,,,2,,31.13,3.6,8.64,719.79,3491.6,0.2,,,,,,,,
,,,3,,24.86,5.68,5.31,575.54,2791.1,0.2,,,,,,,,
,12:51,Hamurana (West),1,,9.26,2.52,3.67,427.22,1850.9,0.23,24.3,117.3,0.63,0.83,,,"slight wave action, murky ",
,,,2,,0.1,1.93,0.05,270.6,1430.4,0.18,,,,,,,,
,,,3,,0.1,1.88,0.05,456.72,2257.3,0.2,,,,,,,,
,13:10,Awahou (Tarimano),1,,36.6,1.14,32.1,46.7,229.37,0.2,14,96.3,0.35,0.08,,,"flat, clear ",
,,,2,,25.66,0.75,34.2,0,0,0,,,,,,,,
,,,3,,34.26,0.7,48.94,29.57,160.54,0.18,,,,,,,,
,13:30,Ngongotaha ,1,,7,2.91,0.4,536.18,3381.6,0.16,23.4,122.5,1.32,1.01,,,"Moderate wind and wave action, slightly murky ",
,,,2,,0.1,2.72,0.08,700.52,13323,0.05,,,,,,,,
,,,3,,0.1,3.9,0.02,592.06,2854,0.2,,,,,,,,
,13:56,Te Koutu ,1,,7,1.39,0.03,160.69,2341.1,0.06,26.8,129.3,0.64,0.42,,,"moderate wave action, moderate winds, slightly murky ",
,,,2,,0.1,1.63,0.05,236.96,906.26,0.26,,,,,,,,
,,,3,,0.1,2.03,0.04,83.8,697.82,0.12,,,,,,,,
,14:12,Lake Front ,1,,0.1,4.29,0.02,510.33,2723.1,0.18,27.6,173.3,2.53,0.59,,,"moderate wind and wave action, very murky ",
,,,2,,0.1,4.78,0.02,605.8,4113.4,0.14,,,,,,,,
,,,3,,0.1,4.39,0.02,459.2,2606.2,0.19,,,,,,,,
,,,,,,,,,,,,,,,,,,
10/2/2025,10:37,Hannah's Bay ,1,A,0.1,9.7,0.01,2067,2608.8,0.07,23.2,86.6,1.43,1.24,Atuahaehae,"Overcast, slight rains, light wind ","Moderate wave action, murky ",
,,,2,,0.1,7.29,0.01,266.46,3487.2,0.07,,,,,,,,
,,,3,,0.1,5.13,0.01,348.88,3130.5,0.11,,,,,,,,
,11:15,Te P?hue ,1,,0.1,0.65,0.15,219.76,1311.8,0.16,24.4,92.4,1.11,0.54,,,"flat, clear",
,,,2,,0.1,1.24,0.08,118.13,498.05,0.23,,,,,,,,
,,,3,,0.1,0.5,0.2,68.67,814.65,0.08,,,,,,,,
,11:40,Ohau Channel ,1,,0.1,2.62,0.03,804.97,2540.8,0.31,22,96.5,1.05,1.09,,,"clear, flat ",
,,,2,,0.1,3.01,0.03,666.87,1726.1,0.38,,,,,,,,
,,,3,,0.1,10.88,0,983.49,5585.8,0.17,,,,,,,,
,12:00,Hamurana (East),1,,0.1,2.03,0.04,599.59,3207.2,0.18,22.3,104,1.22,0.68,,,"light wave action, murky ",
,,,2,,5.5,2.72,2.02,1092.7,6243.8,0.17,,,,,,,,
,,,3,,0.1,3.05,0.03,410.71,4041.1,0.1,,,,,,,,
,12:25,Hamurana (bridge),1,,1.75,4.78,0.36,910.05,4008.8,0.22,18.6,120.9,2.87,1.61,,,"cloudy, slight wave action ",
,,,2,,5.5,5.47,1,1074.8,3596.2,0.29,,,,,,,,
,,,3,,0.1,5.42,0.01,921.04,4643,0.19,,,,,,,,
,12:40,Hamurana (West),1,,0.1,2.57,0.03,538.45,1884.9,0.28,24.2,123.4,0.65,1.05,,,"flat, slightly cloudy",
,,,2,,0.1,2.62,0.03,554.96,2700.4,0.2,,,,,,,,
,,,3,,0.1,2.96,0.03,493.82,2457.1,0.2,,,,,,,,
,13:03,Awahou (Tarimano),1,,28.78,0.55,52.32,81.73,279.15,0.29,14.9,102.3,1.37,0.07,,,"flat, clear",
,,,2,,36.6,0.6,51,63.21,170.06,0.37,,,,,,,,
,,,3,,54.6,0.7,78,72.12,196.31,0.36,,,,,,,,
,13:29,Ngongotaha ,1,,7.75,1.93,4.01,372.23,1171.4,0.31,23.2,120.1,1.08,0.55,,,"moderate wind and wave action, slighly murky ",
,,,2,,0.1,1.83,0.05,241.11,1161.5,0.2,,,,,,,,
,,,3,,0.1,1.93,0.05,233.51,1422.6,0.16,,,,,,,,
,13:52,Te Koutu ,1,,7,3.55,1.97,402.49,3969.5,0.1,24.7,116.7,1.11,0.81,,,"moderate wave action, slightly murky. ",
,,,2,,0.1,4.39,0.02,261.69,3119.1,0.08,,,,,,,,
,,,3,,0.1,7.54,0.01,237.65,3361.7,0.07,,,,,,,,
,14:10,Lake Front ,1,,0.1,9.4,0.01,885.32,5728,0.15,26.1,194.5,6.8,0.65,,,,
,,,2,,0.1,8.96,0.01,932.71,4514.7,0.2,,,,,,,,
,,,3,,0.1,8.32,0.01,917.58,5753.3,0.15,,,,,,,,
,,,,,,,,,,,,,,,,,,
12/2/2025,10:40,Hannah's Bay ,1,A,0.1,1.04,0.09,406.56,1880.6,0.21,22.1,102.4,0.98,0.8,?turuturu,"Clear skies, slight winds ","Slight ripples, hazy but can still see bottom ",
,,,2,,0.1,2.81,0.03,288.5,1995.6,0.14,,,,,,,,
,,,3,,0.1,3.4,0.02,291.88,1162.7,0.25,,,,,,,,
,11:25,Te P?hue ,1,,0.1,1.98,0.05,78.27,405.6,0.19,21.3,99.4,0.68,0.18,,,"Moderate wave action, clear ",
,,,2,,0.1,0.9,0.11,183.35,483.2,0.37,,,,,,,,
,,,3,,0.1,0.6,0.12,133.26,732.12,0.18,,,,,,,,
,11:40,Ohau Channel ,1,,0.1,1,0.1,78.96,836.5,0.09,21.2,88.6,0.7,0.31,,,"high wave action, clear ",
,,,2,,0.1,2.08,0.04,199.17,896.65,0.22,,,,,,,,
,,,3,,0.1,0.8,0.12,162.07,1483.7,0.1,,,,,,,,
,12:01,Hamurana (East),1,,0.1,1.39,0.07,278.13,1968.6,0.14,19.9,104.8,2.25,0.52,,,"high wave action, murky ",
,,,2,,0.1,2.32,0.04,256.86,1249.1,0.2,,,,,,,,
,,,3,,0.1,1.95,0.05,204.7,1211.5,0.16,,,,,,,,
,12.26,Hamurana (bridge),1,,0.1,5.27,0.01,773.77,3297,0.23,19,134,5.52,0.79,,,"high wave action, murky ",
,,,2,,0.1,6.31,0.01,1076.8,4631.6,0.23,,,,,,,,
,,,3,,0.1,5.47,0.01,949.15,4699.7,0.2,,,,,,,,
,12.39,Hamurana (West),1,,5.5,4.24,1.29,515.79,2437.9,0.21,21.9,118.5,7.85,1.43,,,"moderate wave action, murky ",
,,,2,,0.1,3.6,0.02,469.08,2679.5,0.17,,,,,,,,
,,,3,,28.78,4.14,0.95,539.83,2543.5,0.21,,,,,,,,
,12.55,Awahou (Tarimano),1,,0.1,0.85,0.11,61.83,197.15,0.31,14.2,110,1.07,0.05,,,"flat, clear",
,,,2,,0.1,0.75,0.13,0,0,0,,,,,,,,
,,,3,,0.1,0.6,0.16,7.53,285.22,0.02,,,,,,,,
,13:14,Ngongotaha ,1,,25.65,1.98,12.95,239.03,1811.6,0.13,22.9,114.3,1.45,0.99,,,"Moderate wave action, hazy ",
,,,2,,15.47,1.83,8.45,347.5,1309.2,0.26,,,,,,,,
,,,3,,14.69,2.77,5.3,390.81,1338,0.29,,,,,,,,
,13:31,Te Koutu ,1,,0.1,1.54,0.06,118.83,762.35,0.15,24,120.1,1,0.91,,,"moderate wave action, clear ",
,,,2,,0.1,1.98,0.05,201.24,822.49,0.24,,,,,,,,
,,,3,,0.1,1.44,0.06,230.05,683.81,0.33,,,,,,,,
,14:05,Lake Front ,1,,0.1,5.8,0.01,3689.5,1025.4,0.27,26.9,173.8,7.1,0.7,,,"moderate wave action, murky ",
,,,2,,0.1,5.57,0.01,957.44,2934.2,0.32,,,,,,,,
,,,3,,0.1,5.03,0.01,916.2,2699.6,0.33,,,,,,,,
,,,,,,,,,,,,,,,,,,
14/02/2025,10:22,Hannah's Bay ,1,A,0.1,5.08,0.01,864.73,3717.5,0.23,,PRO DSS UNAVAILABLE,,,R?kaumatohi ,"Fine spells, light winds ","Light wave action, clear",Probe unavailable for use
,,,2,,0.1,5.22,0.01,729.4,4300.1,0.16,,,,,,,,
,,,3,,0.1,4.24,0.02,495.89,2242.5,0.22,,,,,,,,
,10:58,Te P?hue ,1,,0.1,0.5,0.2,43.5,358.53,0.12,,,,,,,"ripples, clear",
,,,2,,0.1,0.6,0.16,70.05,1096.4,0.06,,,,,,,,
,,,3,,0.1,0.75,0.13,55.32,570.43,0.07,,,,,,,,
,11:10,Ohau Channel ,1,,0.1,2.52,0.03,92.71,921.95,0.1,,,,,,,ripples. clear ,
,,,2,,0.1,1.78,0.05,177.89,884.5,0.2,,,,,,,,
,,,3,,0.1,1.34,0.07,156.61,889.73,0.17,,,,,,,,
,11.22,Hamurana (East),1,,0.1,2.77,0.08,471.16,3364.3,0.14,,,,,,,"ripples, clear ",
,,,2,,0.1,1.83,0.05,321.45,2703.1,0.11,,,,,,,,
,,,3,,0.1,2.37,0.04,424.46,1919.8,0.22,,,,,,,,
,11:42,Hamurana (bridge),1,,0.1,3.5,0.02,642.52,2991.7,0.21,,,,,,,slight ripples/ murky ,
,,,2,,0.1,5.86,0.01,854.37,4374.37,0.19,,,,,,,, 
,,,3,,0.1,3.8,0.02,574.16,574.16,0.18,,,,,,,,
,12:00,Hamurana (West),1,,0.1,1,0.1,0,0,0,,,,,,,"ripples, clear",
,,,2,,0.1,1.19,0.08,30.88,510.29,0.06,,,,,,,,
,,,3,,0.1,1.34,0.07,0,0,0,,,,,,,,
,12:21,Awahou (Tarimano),1,,4,1.39,2.87,94.78,255.61,0.37,,,,,,,"Flat, clear",
,,,2,,0.1,1.29,0.07,87.25,239.92,0.36,,,,,,,,
,,,3,,0.1,1.3,0.07,64.59,905.96,0.08,,,,,,,,
,12:40,Ngongotaha ,1,,0.1,1.29,0.05,278.13,2292.2,0.12,,,,,,,"clear, light wave action",
,,,2,,0.1,1.73,0.04,182.66,1134.7,0.16,,,,,,,,
,,,3,,0.1,1.78,0.05,143.56,906.26,0.15,,,,,,,,
,13:13,Te Koutu ,1,,0.1,1.73,0.05,143.56,831.27,0.17,,,,,,,"light wave action, clear",
,,,2,,0.1,2.03,0.04,271.3,993.49,0.27,,,,,,,,
,,,3,,0.1,1.83,0.05,122.28,739.66,0.16,,,,,,,,
,13:30,Lake Front ,1,,0.1,5.8,0.01,3689.5,1025.4,0.21,,,,,,,"moderate wave action, murky ",
,,,2,,0.1,5.57,0.01,957.44,2934.2,0.32,,,,,,,,
,,,3,,0.1,5.03,0.01,916.2,2699.6,0.33,,,,,,,,
,,,,,,,,,,,,,,,,,,
19/02/2025,10:50,Hannah's Bay ,1,A,0.1,2.77,0.03,144.25,1837,0.07,22.3,82,2.75,0.64,Korekore-piri-ki-nga-Tangaroa ,"Cloudy, medium winds- northerlies ","High wave action, hazy but can still see lake floor ",
,,,2,,0.1,4,0.02,182.66,1630.2,0.11,,,,,,,,
,,,3,,0.1,2.47,0.04,268.53,1643.3,0.16,,,,,,,,
,11:25,Te P?hue ,1,,0.1,1.04,0.09,139.41,878.34,0.15,22.7,96.5,1.83,0.27,,,"High wave action, clear.",
,,,2,,0.1,0.75,0.13,186.11,431.75,0.43,,,,,,,,
,,,3,,0.1,1.04,0.09,354.4,1294.4,0.29,,,,,,,,
,11:45,Ohau Channel ,1,,0.1,1.29,0.07,166.91,549.51,0.3,22,79.2,0.62,0.36,,,"light wave action, clear. ",
,,,2,,0.1,0.9,0.11,126.36,1273.4,0.09,,,,,,,,
,,,3,,16.26,4.04,4.02,74.2,1227.2,0.06,,,,,,,,
,12:12,Hamurana (East),1,,17.04,2.18,7.81,317.31,914.11,0.34,22.2,74.2,1.38,0.4,,,"light wave action, clear",
,,,2,,5.5,1.54,3.57,250.71,1959.9,0.12,,,,,,,,
,,,3,,0.1,2.42,0.04,102.31,509.35,0.37,,,,,,,,
,12:30,Hamurana (bridge),1,,27.21,1.63,16.69,146.32,785.88,0.18,17.2,114,0.67,0.19,,,"Clear, ripples",
,,,2,,38.17,1.63,23.41,149.71,785.04,0.19,,,,,,,,
,,,3,,47.56,1.73,27.49,102.31,513.74,0.19,,,,,,,,
,12:53,Hamurana (West),1,,1,1.29,0.77,89.26,477.13,0.18,23.1,108.8,0.41,0.12,,,"clear, ripples ",
,,,2,,0.1,1.19,0.08,0,0,0,,,,,,,,
,,,3,,0.1,1.49,0.06,39.17,622.82,0.06,,,,,,,,
,13:16,Awahou (Tarimano),1,,40.52,1.59,25.48,37.79,143.07,0.26,13.7,94.3,0.18,0.01,,,"light wave actions, clear ",
,,,2,,23.3,1.83,12.73,36.41,293.99,0.12,,,,,,,,
,,,3,,24.97,1.34,24.97,10.98,118.61,0.09,,,,,,,,
,13:47,Ngongotaha ,1,,28.78,1.93,14.91,168.98,641.97,0.26,19.3,108,0.71,0.16,,,"high wave action, clear ",
,,,2,,3.25,1.24,2.62,119.52,531.21,0.22,,,,,,,,
,,,3,,21.73,1.34,16.21,201.24,614.04,0.32,,,,,,,,
,14:10,Te Koutu ,1,,0.1,12.9,0,188.88,1021.4,0.18,23.7,127,0.98,0.52,,,"high wave action, hazy ",
,,,2,,0.1,13.1,0,618.1,10359,0.05,,,,,,,,
,,,3,,1,2.47,0.4,340.66,2285.2,0.14,,,,,,,,
,14:29,Lake Front ,1,,0.1,3.21,0.03,1624.3,4110,0.39,25.7,123.6,4.02,1.55,,,"High wave action, murky ",
,,,2,,0.1,4.63,0.02,644.91,4383.9,0.14,,,,,,,,
,,,3,,0.1,4,0.02,397.65,2588.5,0.15,,,,,,,,
,,,,,,,,,,,,,,,,,,
24/02/2025,10:40,Hannah's Bay ,1,A,0.1,3.4,0.02,730.78,3217.6,0.22,21.2,101,1.98,0.8,?rongonui ,"Partly cloudy, light winds ","Moderate eave action, clear. ",Probe malfunction in field 
,,,2,,0.1,4.39,0.02,632.54,2804.2,0.22,,,,,,,,
,,,3,,0.1,5.42,0.01,496.58,2314,0.21,,,,,,,,
,11:15,Te P?hue ,1,,0.1,1.04,0.09,206.08,853.97,0.24,21.9,98.7,0.99,0.67,,,"Clear, ripples ",
,,,2,,0.1,2.27,0.04,162.07,992.65,0.16,,,,,,,,
,,,3,,0.1,1.73,0.05,334.51,1420,0.23,,,,,,,,
,11:35,Ohau Channel ,1,,0.1,1.88,0.05,448.5,1131.3,0.39,,probe malfunction ,,,,,"flat, clear",
,,,2,,0.1,1.63,0.06,199.17,816.42,0.24,,,,,,,,
,,,3,,0.1,1.73,0.05,113.3,857.42,0.13,,,,,,,,
,11:59,Hamurana (East),1,,0.1,2.18,0.04,334.51,2086.4,0.27,,probe malfunction ,,,,,"Clear, ripples ",
,,,2,,0.1,1.63,0.06,316.61,3042.3,0.17,,,,,,,,
,,,3,,0.1,1.49,0.06,420.31,2764.1,0.19,,,,,,,,
,12:19,Hamurana (bridge),1,,0.1,5.27,0.01,599.69,2086.4,0.27,,probe malfunction ,,,,,"Murky, light wave action. Smelly mud/sediment wash up, oil?",
,,,2,,0.1,3.7,0.02,546.04,3042.3,0.17,,,,,,,,
,,,3,,0.1,4.09,0.02,548.05,2764.1,0.19,,,,,,,,
,12:30,Hamurana (West),1,,23.3,3.31,7.03,3252.7,1486.3,2.18,,probe malfunction ,,,,,"Murky, light wave action",
,,,2,,79.65,5.77,13.8,2741,1717.4,1.59,,,,,,,,
,,,3,,42.86,2.81,15.25,2848.2,1717.4,1.65,,,,,,,,
,12:50,Awahou (Tarimano),1,,40.52,1.59,25.48,144.94,416.06,0.34,,probe malfunction ,,,,,"Clear, flat. ",
,,,2,,31.13,1.54,20.21,117.44,294.83,0.39,,,,,,,,
,,,3,,76.26,1.09,14.91,234.89,284.38,0.82,,,,,,,,
,13:11,Ngongotaha ,1,,36.6,2.27,16.12,611.26,1788.9,0.34,,probe malfunction ,,,,,"Murky, ripples ",
,,,2,,0.1,2.52,0.03,937.48,1889.3,0.49,,,,,,,,
,,,3,,0.1,1.98,0.05,1355.1,3377.3,0.4,,,,,,,,
,13:35,Te Koutu ,1,,0.1,1.34,0.07,72.12,920.27,0.07,,probe malfunction ,,,,,"light wave action, clear. ",
,,,2,,14.69,0.5,29.38,113.99,542.51,0.21,,,,,,,,
,,,3,,5.5,0.85,6.47,113.99,403.82,0.28,,,,,,,,
,14:00,Lake Front ,1,,0.1,2.18,0.04,609.19,2275.7,0.26,,probe malfunction ,,,,,"light wave action, clear-ish ",
,,,2,,0.1,2.81,0.05,526.77,2225.9,0.23,,,,,,,,
,,,3,,0.1,2.47,0.04,522.69,2113.4,0.24,,,,,,,,
,,,,,,,,,,,,,,,,,,
26/02/2025,11:00,Hannah's Bay ,1,A,0.1,2.91,0.03,514.4,3134.8,0.16,,,,,?mutu ,"Partly cloudy, moderate winds (westerlies) ","Murky, high wave action, moderate winds ",
,,,2,,0.1,4.93,0.02,513.71,2956.9,0.17,,,,,,,,
,,,3,,0.1,3.4,0.02,570.09,2681.3,0.21,,,,,,,,
,11:30,Te P?hue ,1,,0.1,1.88,0.05,378.45,1461.9,0.25,,,,,,,"Clear, high wave action, moderate winds ",
,,,2,,0.1,1.83,0.05,367.46,1229,0.29,,,,,,,,
,,,3,,0.1,1.93,0.05,483.52,1485.4,0.32,,,,,,,,
,11:45,Ohau Channel ,1,,0.1,14.82,0,633.23,2177.9,0.29,,,,,,,"High wave action, murky, light winds",
,,,2,,0.1,3.11,0.03,765.57,1889.3,0.4,,,,,,,,
,,,3,,0.1,2.91,0.03,844.77,4572.3,0.18,,,,,,,,
,12:06,Hamurana (East),1,,0.1,3.01,0.03,599.59,1863.1,0.32,,,,,,,"High wave action, murky, light winds ",
,,,2,,0.1,2.52,0.03,610.57,1780.3,0.34,,,,,,,,
,,,3,,0.1,3.01,0.03,639.45,2075.9,0.3,,,,,,,,
,12:19,Hamurana (bridge),1,,2.5,19.55,0.12,2798.7,13310,0.21,,,,,,,"Moderate wind action, light winds, murky, smelly/oil coating top of water near shores",
,,,2,,0.1,21.65,0,2937.4,13109,0.22,,,,,,,,
,,,3,,10.78,16.79,0.64,2747.9,12610,0.21,,,,,,,,
,12:29,Hamurana (West),1,,2.5,5.27,0.47,1197.7,4283.6,0.27,,,,,,,"Light wave action, murky-ish (can still see lake bottom). ",
,,,2,,0.1,6.06,0.01,1147.6,3953.8,0.29,,,,,,,,
,,,3,,0.1,5.67,0.01,1150.4,4195.4,0.27,,,,,,,,
,12:49,Awahou (Tarimano),1,,0.1,5.08,0.01,661.42,2294,0.28,,,,,,,"light wave action, clear. ",
,,,2,,1,3.01,0.33,530.45,2544.3,0.21,,,,,,,,
,,,3,,4.75,2.81,1.69,835.16,3255.2,0.25,,,,,,,,
,13:15,Ngongotaha ,1,,0.1,1.34,0.07,478.6,1486.3,0.32,,,,,,,"flat, clear. ",
,,,2,,0.1,1.93,0.05,419.62,1612.7,0.62,,,,,,,,
,,,3,,0.1,2.27,0.04,346.87,1539.5,0.22,,,,,,,,
,13:30,Te Koutu ,1,,3.25,0.55,5.9,63.21,318.37,0.19,,,,,,,"flat, clear. ",
,,,2,,0.1,0.95,0.1,89.26,425.68,0.2,,,,,,,,
,,,3,,0.1,0.75,0.13,96.86,450.98,0.21,,,,,,,,
,13:42,Lake Front ,1,,8.5,2.18,3.89,390.81,990.04,0.39,,,,,,,"flat, clear. ",
,,,2,,0.1,1.68,0.05,146.32,861.81,0.16,,,,,,,,
,,,3,,0.1,1.88,0.05,188.19,790.27,0.23,,,,,,,,
,,,,,,,,,,,,,,,,,,
2/3/2025,12:28,Hannah's Bay ,1,A,22.52,2.91,7.73,440.97,3128.7,0.14,22.7,109.3,1.38,1.16,Hoata ,,"Moderate wind and wace action, clear ",
,,,2,,13.91,2.67,5.2,443.66,1829.1,0.24,,,,,,,,
,,,3,,0.1,5.27,0.01,415.54,1904.1,0.21,,,,,,,,
,12:25,Te P?hue ,1,,17.04,2.27,7.5,364.01,921.11,0.39,22.9,103.8,1.07,0.36,,,"Moderate wave action, murky ",
,,,2,,0.1,2.08,0.04,320.76,808.88,0.39,,,,,,,,
,,,3,,0.1,2.03,0.04,351.64,832.11,0.42,,,,,,,,
,12:03,Ohau Channel ,1,,1,3.16,0.31,360.55,1287.4,0.28,21.2,109.8,2.46,0.56,,,"High winds and wave action, murky",
,,,2,,22.5,3.31,0.8,367.46,1187,0.3,,,,,,,,
,,,3,,18.6,3.16,0.36,445.04,1388.6,0.32,,,,,,,,
,11:47,Hamurana (East),1,,31.91,4.78,6.67,767.18,1931.1,0.39,20.8,106.3,5.87,1.28,,,"High winds and wave action, murky",
,,,2,,18.6,5.57,3.33,710.19,2236.4,0.31,,,,,,,,
,,,3,,2.5,4.29,0.58,736.23,2442.2,0.3,,,,,,,,
,11:23,Hamurana (bridge),1,,13.13,11.37,1.15,2301.4,7950.5,0.28,21.2,112.1,6.25,2.39,,,"High winds and wave action, murky ",
,,,2,,1.75,18.51,0.07,3774,12187,0.3,,,,,,,,
,,,3,,4,12.65,0.31,2899,13077,0.22,,,,,,,,
,11:00,Hamurana (West),1,,4.75,5.81,0.81,1276.7,4412.7,0.28,21.2,103,4.68,1.26,,,"High winds and wave action, murky ",
,,,2,,0.1,5.91,0.01,1265.7,5385.2,0.23,,,,,,,,
,,,3,,0.1,7.09,0.01,1300.7,4335.1,0.3,,,,,,,,
,,Awahou (Tarimano),1,,8.99,1.5,5.1,250.05,865.55,0.3,20.1,111.1,1.4,0.41,,,"Hazy, moderate wave action ",
,,,2,,12,2.9,31,274.6,890.44,0.29,,,,,,,,
,,,3,,38.17,1.93,21.75,391,773.4,0.67,,,,,,,,
,10:29,Ngongotaha ,1,,0.1,1.59,0.06,323.52,1488.9,0.21,20.4,101.9,0.84,0.93,,,"flat, clear ",
,,,2,,0.1,2.62,0.03,224.59,1591.8,0.14,,,,,,,,
,,,3,,0.1,2.22,0.04,331.74,1360.7,0.24,,,,,,,,
,10:05,Te Koutu ,1,,0.1,1.93,0.02,379.14,1374.7,0.29,21.6,109.5,1.43,0.87,,,"Flat, clear ",
,,,2,,0.1,2.13,0.02,298.79,1215.9,0.24,,,,,,,,
,,,3,,0.1,1.73,0.02,387.36,1283.1,0.28,,,,,,,,
,9:48,Lake Front ,1,,0.1,3.36,0.05,660.03,1741.4,0.24,21,80.8,1.22,0.45,,,"Flat, clear ",
,,,2,,0.1,3.95,0.04,572.09,2233.8,0.25,,,,,,,,
,,,3,,0.1,4,0.05,574.85,2122.2,0.27,,,,,,,,
,,,,,,,,,,,,,,,,,,
3/3/2025,13:35,Hannah's Bay ,1,A,17.04,3.95,4.31,669.64,3031,0.22,23.8,116.3,1.83,1.47,?uenuku ,,"ripples, clear ",
,,,2,,25.65,3.85,6.66,598.2,2592.3,0.23,,,,,,,,
,,,3,,28.78,3.31,8.69,576.93,3071.1,0.18,,,,,,,,
,13:16,Te P?hue ,1,,31.13,1.24,25.1,357.17,1047.5,0.34,23.8,115,1.84,1.29,,,"light wave action, clear ",
,,,2,,31.91,1.49,21.41,383.21,1317,0.29,,,,,,,,
,,,3,,34.26,1.54,22.24,419.62,1210.7,0.34,,,,,,,,
,12:52,Ohau Channel ,1,,10,1,10,379.14,984.81,0.38,21.7,103.9,3.67,0.78,,,"Moderate wind and wave action, murky ",
,,,2,,0.1,1.54,0.06,211.54,730.04,0.28,,,,,,,,
,,,3,,0.1,1.73,0.05,358.55,1040.5,0.34,,,,,,,,
,12:39,Hamurana (East),1,,2.5,3.36,0.74,374.99,1547.3,0.24,22.4,112.5,1.52,0.46,,,"moderate wave action, clear ",
,,,2,,15.47,2.08,7.43,346.18,1242.9,0.27,,,,,,,,
,,,3,,21.73,2.08,10.7,285.04,1157.4,0.24,,,,,,,,
,12:18,Hamurana (bridge),1,,28.78,3.85,7.47,1296.7,5143.6,0.25,21.9,105.6,2.74,0.98,,,"Moderate wind and wave action, murky ",
,,,2,,23.3,5.62,4.14,1269.9,4829.6,0.26,,,,,,,,
,,,3,,38.17,5.08,7.51,1177.8,5188.9,0.22,,,,,,,,
,12:00,Hamurana (West),1,,18.6,1.63,11.41,353.71,1375.5,0.25,21.9,102.3,0.83,0.46,,,"Moderate wind and wave action, hazy ",
,,,2,,0.1,1.39,0.07,307.7,1157.4,0.26,,,,,,,,
,,,3,,13.91,1.44,9.65,395.17,2008.8,0.17,,,,,,,,
,11:52,Awahou (Tarimano),1,,21.73,1.68,12.93,390.12,1958.2,0.19,19,104.3,1.21,0.35,,,"Hazy, light wave action ",
,,,2,,55.56,2.13,30.77,539.14,2083.5,0.25,,,,,,,,
,,,3,,0.1,1.98,0.05,342.04,1891.9,0.18,,,,,,,,
,11:30,Ngongotaha ,1,,9.25,1.78,5.19,274.06,844.35,0.32,20.6,96.5,0.99,0.75,,,"flat, clear ",
,,,2,,11.56,2.67,4.32,247.94,830.43,0.29,,,,,,,,
,,,3,,36.17,1.83,20.85,427.22,743.2,0.57,,,,,,,,
,10:20,Te Koutu ,1,,0.1,1.04,0.09,499.34,1347.6,0.37,21.4,97.3,0.79,0.8,,,"flat, clear",
,,,2,,0.1,1.39,0.07,293.26,1507.2,0.19,,,,,,,,
,,,3,,0.1,0.25,0.4,205.39,1249.9,0.16,,,,,,,,
,9:50,Lake Front ,1,,0.1,3.11,0.03,451.95,2483.2,0.18,21.3,79.8,1.28,0.83,,,"flat, clear",
,,,2,,0.1,5.08,0.01,552.19,2070.7,0.26,,,,,,,,
,,,3,,0.1,3.11,0.03,435.44,2186.7,0.19,,,,,,,,
,,,,,,,,,,,,,,,,,,
5/3/2025,10:15,Hannah's Bay ,1,A,0.1,0.85,0.11,149.71,903.65,0.16,19.5,84.1,0.85,0.47,Tamateatutahi ,"Clear skies, moderate winds ",ripples. clear,
,,,2,,0.1,1.04,0.09,26.8,571.3,0.04,,,,,,,,
,,,3,,0.1,0.9,0.11,199.02,888.8,0.16,,,,,,,,
,10:36,Te P?hue ,1,,0.1,1.63,0.06,258.93,712.67,0.36,18,96.2,2.05,0.5,,,"Light wave action, clear ",
,,,2,,0.1,1.68,0.05,228.74,688.2,0.33,,,,,,,,
,,,3,,0.1,1.83,0.05,407.94,1238.6,0.32,,,,,,,,
,10:54,Ohau Channel ,1,,60.86,2.52,25.15,947.77,1376.7,0.69,17,102.4,4.15,0.73,,,"murky, high wave action ",
,,,2,,33.47,2.13,15.71,367.46,1108.6,0.33,,,,,,,,
,,,3,,40.52,2.52,16.07,732.85,2229.5,0.32,,,,,,,,
,11:08,Hamurana (East),1,,46,4,11.5,1106.4,2514.7,0.44,16.6,100.2,7.79,1.54,,,"high wind and  wave action, murky",
,,,2,,10,3.75,2.66,824.87,2251.5,0.37,,,,,,,,
,,,3,,18.6,3.06,6.07,813.89,2557.4,0.31,,,,,,,,
,11:24,Hamurana (bridge),1,,26.65,15.35,1.66,2629.7,10693,0.24,18.4,110.7,11.01,6.21,,,"high wind and  wave action, murky",
,,,2,,8.5,12.16,0.69,2973.2,12409,0.23,,,,,,,,
,,,3,,24.08,16.05,1.5,3247.2,16203,0.2,,,,,,,,
,11:38,Hamurana (West),1,,91.39,4,22.84,2868.1,4244.3,0.67,18.6,94.7,38.3,6.51,,,"High wind and wave action, murky ",
,,,2,,53.82,4.49,11.98,2679.2,3348.5,0.8,,,,,,,,
,,,3,,82,4.04,20.29,2529.5,3664.2,0.69,,,,,,,,
,12:06,Awahou (Tarimano),1,,3.25,2.96,1.09,1006.1,2394.3,0.42,19.9,101.3,9.88,1.46,,,"High wind and wave action, murky",
,,,2,,3.25,3.11,1.04,1105.7,2230.3,0.49,,,,,,,,
,,,3,,20.95,2.22,9.43,156.06,2288.8,0.41,,,,,,,,
,12:24,Ngongotaha ,1,,0.1,2.77,0.03,1705.3,979.58,1.7,16.8,110.1,3.5,0.15,,,"clear, flat ",
,,,2,,7,4.14,1.69,840.69,839.96,1,,,,,,,,
,,,3,,26.43,5.37,4.92,654.51,887.12,0.73,,,,,,,,
,12:45,Te Koutu ,1,,0.1,4.04,0.02,807.67,2644.6,0.3,20.5,110.4,1.39,0.82,,,"clear, flat",
,,,2,,8.5,1.59,5.34,576.93,1691.3,0.34,,,,,,,,
,,,3,,19.39,1.24,15.63,346.18,1335.4,0.25,,,,,,,,
,13:02,Lake Front ,1,,46,0.8,57.5,182.66,361.98,0.5,20.3,97.8,1.4,0.07,,,"clear, flat ",
,,,2,,22.52,0.8,28.15,78.96,286.45,0.2,,,,,,,,
,,,3,,21.73,0.65,33.43,91.33,331.44,0.27,,,,,,,,
,,,,,,,,,,,,,,,,,,
7/3/2025,10:46,Hannah's Bay ,1,A,0.1,1.09,0.09,343.42,880.96,0.38,18.4,95.5,0.96,0.52,Tamateaangana,,"ripples, clear",
,,,2,,0.1,1.19,0.08,191.64,1232.4,0.15,,,,,,,,
,,,3,,0.1,0.6,0.16,349.57,1290.1,0.27,,,,,,,,
,11:09,Te P?hue ,1,,13.91,1.19,11.68,140.1,290.45,0.48,16.4,97,1.17,0.1,,,"Light wave action, clear ",
,,,2,,10.78,1.04,10.36,56.3,327.05,0.17,,,,,,,,
,,,3,,0.1,1,0.1,94.78,587.9,0.16,,,,,,,,
,11:27,Ohau Channel ,1,,35.04,2.08,16.84,251.4,633.28,0.39,17.7,92.9,0.81,0.22,,,"Light wave action, clear ",
,,,2,,21.73,2.42,8.97,581.07,633.28,0.91,,,,,,,,
,,,3,,10,1.78,5.61,390.12,1253.4,0.31,,,,,,,,
,11:46,Hamurana (East),1,,5.6,3.55,1.54,1129.8,1304.8,0.86,19.8,102.4,2.05,0.49,,,"Light wave action, clear ",
,,,2,,31.91,2.77,11.51,401.8,1179.2,0.34,,,,,,,,
,,,3,,10.78,2.47,4.36,713.58,741.43,0.96,,,,,,,,
,12:01,Hamurana (bridge),1,,40.52,3.75,10.8,427.22,1098.1,0.38,16.7,92.4,6.67,0.55,,,"flat, murky ",
,,,2,,7,3.21,2.18,513.71,1502,0.34,,,,,,,,
,,,3,,24.08,3.06,7.86,440.97,1002.1,0.44,,,,,,,,
,12:14,Hamurana (West),1,,30.34,2.27,13.36,186.11,897.58,0.2,17,100.2,8.86,0.25,,,"flat, murky ",
,,,2,,4.75,3.25,1.45,231.43,651.59,0.35,,,,,,,,
,,,3,,0.1,1.68,0.05,267.15,566.98,0.47,,,,,,,,
,12:29,Awahou (Tarimano),1,,72.6,1.39,52.23,152.47,235.53,0.64,13.9,94,0.32,0.02,,,"flat, clear ",
,,,2,,82,1.04,78.84,40.55,221.52,0.18,,,,,,,,
,,,3,,9.47,1.68,41.35,92.71,210.22,0.44,,,,,,,,
,12:48,Ngongotaha ,1,,14.69,1.29,11.38,355.09,587.05,0.6,18.5,103,1.02,0.38,,,"Light wave action, clear ",
,,,2,,19.39,1.34,14.47,250.02,789.43,0.31,,,,,,,,
,,,3,,1,1.93,0.51,338.58,1152.6,0.29,,,,,,,,
,13:11,Te Koutu ,1,,20.95,0.85,24.64,144.25,689.97,0.2,19.6,115.2,0.53,0.18,,,"flat, clear ",
,,,2,,22.52,1,22.52,815.27,6022,0.13,,,,,,,,
,,,3,,11.55,1.29,8.96,902.45,5181.1,0.17,,,,,,,,
,13:26,Lake Front ,1,,0.1,1.63,0.66,359.17,1117.3,0.32,23.7,133.6,1.45,0.17,,,"Flat, clear ",
,,,2,,0.1,3.16,0.03,271.99,1775,0.15,,,,,,,,
,,,3,,4.75,2.86,1.65,290.5,1246.4,0.23,,,,,,,,
,,,,,,,,,,,,,,,,,,
10/3/2025,10:43,Hannah's Bay ,1,A,0.1,3.22,0.02,249.33,1166.1,0.21,18.4,96.8,1.3,0.67,Arimatanui ,"Partly cloudy, light winds ","Clear, ripples ",
,,,2,,0.1,1.49,0.06,535.71,1797.6,0.19,,,,,,,,
,,,3,,0.1,0.35,0.28,302.18,1331.9,0.22,,,,,,,,
,11:09,Te P?hue ,1,,0.1,1.83,0.05,254.09,881.89,0.28,18.4,102.6,1.2,0.53,,,"clear, flat",
,,,2,,0.1,1.09,0.09,393.58,898.42,0.43,,,,,,,,
,,,3,,2.5,1.39,1.79,254.09,756.28,0.33,,,,,,,,
,11:32,Ohau Channel ,1,,4.75,6.6,0.71,353.02,1105.1,0.31,17.6,94.6,0.76,0.33,,,"light wave action, clear ",
,,,2,,4.75,1.59,2.98,196.41,673.35,0.29,,,,,,,,
,,,3,,33.47,0.9,37.18,344.11,705.66,0.48,,,,,,,,
,11:48,Hamurana (East),1,,13.13,2.67,4.91,464.32,1732.3,0.26,19.1,106,1.61,0.72,,,,
,,,2,,3.25,3.21,1.01,876.41,1634.6,0.53,,,,,,,,
,,,3,,0.1,1.63,0.06,715.65,1619.7,0.44,,,,,,,,
,12:13,Hamurana (bridge),1,,48.34,5.67,8.52,1462.9,7503.1,0.19,16.8,108,10.53,5.01,,,,
,,,2,,43.65,6.8,6.41,1637.3,8318.1,0.19,,,,,,,,
,,,3,,28.78,9.36,3.07,1573.4,8821.9,0.17,,,,,,,,
,12:30,Hamurana (West),1,,42.08,3.01,13.98,814.58,2626.3,0.31,17.8,105,14.74,1.84,,,,
,,,2,,42.86,2.47,17.35,712.19,2525.1,0.28,,,,,,,,
,,,3,,19.39,2.77,7,801.52,2656,0.3,,,,,,,,
,12:47,Awahou (Tarimano),1,,0.1,1.19,0.08,449.88,1203.7,0.37,16.3,99.5,2.22,0.18,,,,
,,,2,,0.1,1.68,0.05,333.13,1153.1,0.28,,,,,,,,
,,,3,,7,1.83,3.82,509.64,1260.4,0.4,,,,,,,,
,13:06,Ngongotaha ,1,,14.69,3.5,4.19,657.27,1263.8,0.52,17.3,114.8,7.66,0.32,,,,
,,,2,,13.13,2.22,5.19,565.25,1471.4,0.38,,,,,,,,
,,,3,,0.1,1.39,0.07,610.57,1354.6,0.45,,,,,,,,
,13:32,Te Koutu ,1,,34.26,2.08,16.47,511.71,1293.5,0.39,19.9,120.1,1.73,0.35,,,,
,,,2,,0.1,1.88,0.05,1261,5792.6,0.2,,,,,,,,
,,,3,,0.1,1.59,0.06,1936.7,1693,1.14,,,,,,,,
,13:49,Lake Front ,1,,0.1,0.7,0.14,330.36,963.89,0.34,22,107.2,1.28,0.16,,,,
,,,2,,0.1,0.75,0.13,217.75,737.04,0.29,,,,,,,,
,,,3,,0.1,1,0.1,350.95,1315.3,0.26,,,,,,,,
,,,,,,,,,,,,,,,,,,
12/3/2025,11:06,Hannah's Bay ,1,A,1,5.08,0.19,655.91,2752.7,0.23,19.9,99.8,2.44,0.96,?hoturoa ,,,
,,,2,,0.1,5.81,0.01,838.62,3221.2,0.26,,,,,,,,
,,,3,,0.1,3.75,0.02,623.63,2827.8,0.22,,,,,,,,
,11:29,Te P?hue ,1,,23.3,3.8,6.13,557.72,2034,0.27,19.2,101.1,8.39,1.12,,,,
,,,2,,20.95,6.55,3.19,821.42,2086.4,0.39,,,,,,,,
,,,3,,11.56,3.01,3.84,738.31,2099.6,0.35,,,,,,,,
,11:42,Ohau Channel ,1,,22.52,5.96,3.77,775.41,1919.8,0.4,19.1,106.3,11.36,2.62,,,,
,,,2,,29.56,6.45,4.58,2187.5,6289.7,0.34,,,,,,,,
,,,3,,25.66,5.77,4.44,958.83,2686.5,0.35,,,,,,,,
,11:54,Hamurana (East),1,,78.86,2.77,28.46,516.48,13763,0.38,18.4,111.7,3.43,0.45,,,,
,,,2,,30.34,2.32,13.07,508.95,1271.7,0.4,,,,,,,,
,,,3,,18.6,2.32,8.01,754.82,1368.5,0.55,,,,,,,,
,12:10,Hamurana (bridge),1,,89.04,3.99,1.66,21126,104196,0.2,20.1,114,5.84,1.61,,,,
,,,2,,114.79,83.32,1.39,21326,107091,0.19,,,,,,,,
,,,3,,60.86,94.73,0.64,22328,111938,0.19,,,,,,,,
,12:23,Hamurana (West),1,,4,3.9,1.02,883.25,2270.4,0.35,20,105,3.67,0.63,,,,
,,,2,,19.39,4.04,4.79,548.05,1637.2,0.33,,,,,,,,
,,,3,,27.21,2.67,10.19,618.79,1475.8,0.41,,,,,,,,
,12:39,Awahou (Tarimano),1,,10,3.65,2.73,335.82,846.96,0.39,17.1,98.7,0.42,0.14,,,,
,,,2,,35.04,2.32,15.1,177.89,904.49,0.19,,,,,,,,
,,,3,,7,3.45,2.02,124.28,805.96,0.15,,,,,,,,
,12:55,Ngongotaha ,1,,71.82,1.54,46.63,326.91,1060.6,0.3,20.6,107.7,0.89,0.77,,,,
,,,2,,35.82,1.98,18.09,464.32,1454,0.31,,,,,,,,
,,,3,,25.65,2.03,12.63,422.38,1618.9,0.26,,,,,,,,
,13:17,Te Koutu ,1,,50.69,1.98,25.6,76.27,272.14,0.28,21.9,117.9,0.87,0.45,,,,
,,,2,,50.69,1.93,26.26,113.3,261.68,0.43,,,,,,,,
,,,3,,52.26,1.92,26.39,78.27,266.07,0.29,,,,,,,,
,13:39,Lake Front ,1,,28.17,2.57,14.85,221.14,747.5,0.29,23.5,110,0.91,0.27,,,,
,,,2,,0.1,5.21,0.01,184.73,807.74,0.22,,,,,,,,
,,,3,,22.52,4.44,5.07,158.69,640.19,0.24,,,,,,,,
,,,,,,,,,,,,,,,,,,
14/03/2025,11:34,Hannah's Bay ,1,A,0.1,3.5,0.02,585.84,3562.3,0.16,20.6,96,0.96,0.41,R?kaunui ,,,
,,,2,,0.1,3.75,0.02,831.02,4807.8,0.17,,,,,,,,
,,,3,,0.1,5.77,0.01,745.91,3151.4,0.23,,,,,,,,
,12:23,Te P?hue ,1,,25.65,2.27,11.29,585.15,938.58,0.62,21.2,98.7,1.88,0.39,,,,
,,,2,,0.1,1.73,0.05,767.18,1003.9,0.72,,,,,,,,
,,,3,,5.5,1.49,3.69,347.5,561.75,0.61,,,,,,,,
,12:36,Ohau Channel ,1,,0.1,2.18,0.04,320.7,892.35,0.35,21.3,95.1,0.85,0.69,,,,
,,,2,,0.1,1.73,0.05,430,844.35,0.51,,,,,,,,
,,,3,,0.1,1.78,0.05,1017.2,1090.3,0.93,,,,,,,,
,13:30,Hamurana (East),1,,0.1,1.78,0.05,438.89,1460.1,0.3,22.3,115.1,2.02,0.43,,,,
,,,2,,0.1,2.18,0.04,364.01,733.58,0.49,,,,,,,,
,,,3,,0.1,2.62,0.03,789.84,990.88,0.79,,,,,,,,
,13:46,Hamurana (bridge),1,,0.1,13.54,0,2776.7,11738,0.23,20,119.9,2.52,1.22,,,,
,,,2,,3.25,12.21,0.26,2809.7,12004,0.23,,,,,,,,
,,,3,,4.75,16.69,0.28,2733.5,11251,0.24,,,,,,,,
,13:57,Hamurana (West),1,,0.1,1.49,0.06,170.98,700.57,0.22,21.5,112.6,0.56,0.24,,,,
,,,2,,11.56,1.54,7.5,267.15,927.18,0.28,,,,,,,,
,,,3,,11.56,1.44,8.02,258.93,981.26,0.26,,,,,,,,
,14:19,Awahou (Tarimano),1,,,,,,,,18.3,98,0.88,0.65,,,,
,,,2,,,,,,,,,,,,,,,
,,,3,,,,,,,,,,,,,,,
,14:38,Ngongotaha ,1,,35.82,1.68,21.32,242.42,990.04,0.24,20.1,100.1,0.76,0.5,,,,
,,,2,,33.47,1.98,16.9,494.51,1024.8,0.48,,,,,,,,
,,,3,,33.47,2.03,16.48,352.33,782.43,0.45,,,,,,,,
,15:08,Te Koutu ,1,,0.1,2.18,0.04,287.81,914.95,0.31,21,110.9,0.88,0.65,,,,
,,,2,,12.34,2.52,4.89,294.42,853.03,0.28,,,,,,,,
,,,3,,14.69,2.67,5.5,288.5,881.89,0.32,,,,,,,,
,15:25,Lake Front ,1,,0.1,5.21,0.01,760.28,3387.8,0.22,23,109.8,1.1,0.3,,,,
,,,2,,0.1,6.6,0.01,894.23,4192,0.21,,,,,,,,
,,,3,,0.1,6.65,0.01,758.96,3886.7,0.19,,,,,,,,
,,,,,,,,,,,,,,,,,,
17/03/2025,9:14,Hannah's Bay ,1,A,122.57,8.37,14.64,346.18,1955.6,0.17,21.4,42.5,4.33,0.82,Oike ,Cloudy ,"moderate wave action, hazy ",
,,,2,,24.08,8.18,2.94,298.1,1036.2,0.28,,,,,,,,
,,,3,,24.86,8.42,2.95,442.28,807.74,0.54,,,,,,,,
,9:39,Te P?hue ,1,,20.95,6.6,3.17,75.58,758.89,0.09,20.2,96.1,1.56,0.51,,,"ripples, clear",
,,,2,,24.86,8.62,2.88,241.11,1215,0.19,,,,,,,,
,,,3,,0.1,3.5,0.02,150.4,611.43,0.24,,,,,,,,
,10:02,Ohau Channel ,1,,30.34,7.63,3.97,359.86,141.73,0.25,19.5,95.8,1.31,0.54,,,"moderate wave action, hazy ",
,,,2,,0.1,3.16,0.03,280.21,1552.6,0.18,,,,,,,,
,,,3,,6.25,7,0.69,228.74,1508.1,0.15,,,,,,,,
,10:21,Hamurana (East),1,,0.1,4.09,0.02,470.47,1892.7,0.24,13.5,91.5,0.74,0.6,,,"light wave action, clear ",
,,,2,,32.69,6.01,5.43,423.07,1427,0.29,,,,,,,,
,,,3,,0.1,4.78,0.02,357.86,2146.5,0.16,,,,,,,,
,10:38,Hamurana (bridge),1,,0.1,4.34,0.02,271.3,1292.7,0.2,20.7,88.9,0.18,0.05,,,"light wave action, clear ",
,,,2,,0.1,2.67,0.03,372.92,2307.9,0.16,,,,,,,,
,,,3,,24.86,5.18,4.79,578.31,2798.1,0.2,,,,,,,,
,10:50,Hamurana (West),1,,77.3,3.75,20.61,179.97,853.97,0.21,18.1,90.9,0.42,0.49,,,"light wave action, clear",
,,,2,,8.5,5.86,1.45,179.27,980.42,0.18,,,,,,,,
,,,3,,0.01,2.42,0.05,152.47,859.2,0.17,,,,,,,,
,11:06,Awahou (Tarimano),1,,76.52,2.37,32.28,208.08,225.07,0.92,20.3,84.1,1.16,1.22,,,"light wave action, hazy ",
,,,2,,7.75,3.11,2.49,88.57,246.83,0.35,,,,,,,,
,,,3,,43.34,2.18,22.17,52.92,259.07,0.2,,,,,,,,
,11:18,Ngongotaha ,1,,0.1,3.45,0.02,358.55,1086.7,0.32,20.3,98.8,0.97,0.94,,,"moderate wave action, clear-hazy ",
,,,2,,0.1,2.32,0.04,158.69,848.74,0.18,,,,,,,,
,,,3,,10.78,1.24,8.69,158,636.74,0.24,,,,,,,,
,11:31,Te Koutu ,1,,0.1,2.47,0.04,236.27,911.49,0.25,21.8,93.4,0.88,0.68,,,"moderate wave action, clear",
,,,2,,0.1,2.37,0.04,188.88,793.73,0.23,,,,,,,,
,,,3,,0.1,2.22,0.04,207.39,862.65,0.24,,,,,,,,
,11:48,Lake Front ,1,,0.1,7,0.01,760.28,3387.8,0.22,21.9,86.1,2.82,0.72,,,"moderate wave action, hazy but can still see lake bottom",
,,,2,,0.1,7.19,0.01,894.23,4192,0.21,,,,,,,,
,,,3,,0.1,6.69,0.01,758.96,3886.7,0.19,,,,,,,,
,,,,,,,,,,,,,,,,,,
19/03/2025,13:39,Hannah's Bay ,1,A,0.1,3.75,0.02,956.75,5187.3,0.18,,Probe malfunction,,,Korekore-te-ngangana,"Overcast, drizzles ","clear, flat",Probe algae sensor malfunction in the field. Advised to not use probe until sensor is inspected. 
,,,2,,0.1,3.7,0.02,1287.1,6148.4,0.2,,,,,,,,
,,,3,,0.1,4.09,0.02,1247.2,7619.9,0.16,,,,,,,,
,14:02,Te P?hue ,1,,0.1,0.95,0.1,114.68,649.81,0.17,,Probe malfunction,,,,,clear flat,
,,,2,,52.26,3.06,17.07,235.38,658.59,0.35,,,,,,,,
,,,3,,18.6,2.52,7.38,119.52,518.13,0.23,,,,,,,,
,14:24,Ohau Channel ,1,,0.1,2.18,0.04,175.82,1024.8,0.17,,Probe malfunction,,,,,"clear, flat",
,,,2,,0.1,4.59,0.02,249.33,1492.3,0.16,,,,,,,,
,,,3,,20.17,0.95,21.23,196.41,777.2,0.25,,,,,,,,
,14:41,Hamurana (East),1,,13.91,1.63,8.53,174.44,733.58,0.23,,Probe malfunction,,,,,"clear, flat",
,,,2,,9.25,1.98,4.67,221.14,761.51,0.29,,,,,,,,
,,,3,,73.39,1.39,52.79,158.69,587.9,0.26,,,,,,,,
,14:59,Hamurana (bridge),1,,4,7.98,0.5,422.38,2248.6,0.18,,Probe malfunction,,,,,"clear, flat",
,,,2,,0.1,3.3,0.02,519.95,3316.3,0.23,,,,,,,,
,,,3,,0.1,7.93,0.01,491.74,2861.8,0.17,,,,,,,,
,15:11,Hamurana (West),1,,29.56,1.88,15.72,89.95,733.58,0.12,,Probe malfunction ,,,,,"clear, flat",
,,,2,,49.13,3.75,13.1,142.18,1031.8,0.13,,,,,,,,
,,,3,,0.1,4.49,0.02,201.93,719.58,0.28,,,,,,,,
,11:52,Awahou (Tarimano),1,,32.69,9.65,3.38,17.89,72.38,0.24,13,91,0.27,0.03,,,"clear, flat",
,,,2,,38.17,0.75,50.89,31.57,52.3,0.6,,,,,,,,
,,,3,,0.1,4.04,0.02,0.69,103.76,0.006,,,,,,,,
,12:16,Ngongotaha ,1,,4.75,5.08,0.93,364.01,1321.4,0.27,18.6,102.1,0.62,0.66,,,"clear, flat",
,,,2,,0.1,2.13,0.04,501.35,1605.8,0.31,,,,,,,,
,,,3,,0.1,6.4,0.01,313.05,1128.7,0.27,,,,,,,,
,12:44,Te Koutu ,1,,0.1,5.22,0.01,129.12,591.35,0.21,19.8,105.8,0.7,0.4,,,"clear, flat",
,,,2,,0.1,6.19,0.01,272.68,633.28,0.43,,,,,,,,
,,,3,,0.1,6.06,0.01,276.75,710.05,0.38,,,,,,,,
,13:16,Lake Front ,1,,0.1,1.09,0.09,222.52,1226.4,0.18,21.4,147.4,3.62,0.48,,,"clear, flat",
,,,2,,0.1,1.14,0.08,253.4,1384.2,0.18,,,,,,,,
,,,3,,0.1,1.04,0.09,188.19,1126.1,0.16,,,,,,,,
,,,,,,,,,,,,,,,,,,
21/03/2025 ,10:17,Hannah's Bay ,1,A,0.1,1.24,0.08,0,481.52,0,17.1,93.3,1,0.47,Tangaroa-?-mua ,Partial cloudy ,light wave action and clear,
,,,2,,0.1,1.29,0.07,162.07,909.72,0.17,,,,,,,,
,,,3,,0.1,1.44,0.05,280.21,1454.9,0.19,,,,,,,,
,10:46,Te P?hue ,1,,0.1,2.27,0.04,188.88,1925,0.09,15.7,96.3,1.8,0.42,,,"light wave action, hazy ",
,,,2,,0.1,1.24,0.08,192.33,912.23,0.21,,,,,,,,
,,,3,,10,1.98,5.05,337.2,1099.9,0.3,,,,,,,,
,11:02,Ohau Channel ,1,,0.1,0.6,0.16,358.55,3284.9,0.1,15.4,100.6,2.21,0.6,,,"moderate wave action, hazy ",
,,,2,,24.08,0,0,348.83,1295.3,0.26,,,,,,,,
,,,3,,1.75,2.47,0.7,293.26,1322.3,0.22,,,,,,,,
,11:21,Hamurana (East),1,,0.1,0.75,0.1,410.02,1238.6,0.33,16.3,106.5,2.74,0.85,,,"moderate wave action, hazy ",
,,,2,,0.1,0.95,0.1,620.17,1575.3,0.39,,,,,,,,
,,,3,,6978.97,486.57,14.34,769.95,1546.4,0.49,,,,,,,,
,11:42,Hamurana (bridge),1,,0.1,23.93,0,5050.1,15026,0.33,17.1,114.8,19.88,10.71,,,"moderate wave action, murky ",
,,,2,,0.1,33.23,0,7046.7,27419,0.25,,,,,,,,
,,,3,,0.1,43.47,0,6894.9,30137,0.22,,,,,,,,
,11:58,Hamurana (West),1,,0.1,0.75,0.13,393.58,860.99,0.45,16.6,100.7,11.56,0.78,,,"moderate wave action, hazy ",
,,,2,,0.1,0,0,342.04,754.5,0.45,,,,,,,,
,,,3,,0.1,0,0,292.57,726.23,0.4,,,,,,,,
,12:14,Awahou (Tarimano),1,,0.1,0,0,190.95,517.29,0.36,17.3,103.3,1.7,0.2,,,"light wave action, clear ",
,,,2,,0.1,0,0,262.38,584.44,0.44,,,,,,,,
,,,3,,0.1,1.39,0.07,208.77,762.35,0.27,,,,,,,,
,12:30,Ngongotaha ,1,,0.1,0,0,162.07,400.37,0.4,16.3,108.7,1.44,0.14,,,"moderate wave action, clear",
,,,2,,0.1,0,0,98.93,497.21,0.19,,,,,,,,
,,,3,,0.1,0,0,139.41,308.75,0.45,,,,,,,,
,12:53,Te Koutu ,1,,0.1,11.18,0,489.67,1878,0.26,18.5,120.3,0.76,0.15,,,"moderate wave action, clear",
,,,2,,0.1,2.32,0.04,699.9,642.81,1.08,,,,,,,,
,,,3,,0.4,0,0,138.72,760.57,0.18,,,,,,,,
,13:09,Lake Front ,1,,0.1,0,0,1366.7,3075.5,0.44,20.5,102.4,0.92,0.19,,,"moderate wave action, clear ",
,,,2,,0.1,0,0,144.25,495.44,0.29,,,,,,,,
,,,3,,0.1,0,0,153.85,382.9,0.4,,,,,,,,
,,,,,,,,,,,,,,,,,,
24/03/2025,14:18,Hannah's Bay ,1,A,0.1,0,0,245.18,1229,0.19,21.5,106.5,1.19,0.61,?tane ,Overcast ,"clear, light wave action",
,,,2,,0.1,1.09,0.09,245.87,1388.6,0.17,,,,,,,,
,,,3,,0.1,1.93,0.05,173.06,1051,0.16,,,,,,,,
,14:04,Te P?hue ,1,,0.1,0,0,974.58,1484.5,0.65,22,109.3,2.29,0.56,,,"clear, light wave action",
,,,2,,0.1,0,0,1255.3,1263.8,1.2,,,,,,,,
,,,3,,0.1,0,0,308.39,1053.7,0.29,,,,,,,,
,13:49,Ohau Channel ,1,,0.1,0,0,1111.3,1372.1,0.8,22,125.1,4.19,0.86,,,"light wave action, murky",
,,,2,,0.1,1.59,0.05,612.64,1519.4,0.4,,,,,,,,
,,,3,,0.1,4.44,0.02,426.53,1232.4,0.34,,,,,,,,
,13:35,Hamurana (East),1,,0.1,0,0,229.43,893.19,0.25,19.4,135.6,2.05,0.41,,,"murky, light wave action. ",
,,,2,,0.1,0,0,258.93,760.57,0.34,,,,,,,,
,,,3,,0.1,0.5,2,317.31,785.85,0.4,,,,,,,,
,13:19,Hamurana (bridge),1,,0.1,8.62,0.01,3487.6,15512,0.22,20.6,114.1,3.33,1.34,,,"murky, moderate wave action ",
,,,2,,0.1,10.19,0,4445,21302,0.2,,,,,,,,
,,,3,,0.1,7.73,0.1,4421,20956,0.21,,,,,,,,
,12:52,Hamurana (West),1,,0.1,0,0,472.54,1961.6,0.24,20,107.1,1.89,1.06,,,"clear, moderate wave action",
,,,2,,0.1,12.85,0,349.89,2150.1,0.18,,,,,,,,
,,,3,,0.1,0,0,524.7,1827.3,0.28,,,,,,,,
,12:35,Awahou (Tarimano),1,,0.1,3.01,0.03,537.06,1883.2,0.28,17.8,105,0.9,0.49,,,"clear, moderate wave action ",
,,,2,,0.1,4.54,0.02,431.99,1180.1,0.36,,,,,,,,
,,,3,,0.1,0,0,477.31,2143.1,0.22,,,,,,,,
,12:17,Ngongotaha ,1,,0.1,0,0,565.94,1555.2,0.36,19.8,104.4,0.64,1.05,,,"flat, clear",
,,,2,,0.1,0,0,258.93,966.5,0.26,,,,,,,,
,,,3,,0.1,0,0,402.49,1440,0.27,,,,,,,,
,11:23,Te Koutu ,1,,0.1,0,0,401.45,1092.9,0.41,19.6,108.5,0.4,0.37,,,"flat, clear ",
,,,2,,0.1,0,0,353.02,1283.9,0.27,,,,,,,,
,,,3,,0.1,0,0,353.02,990.88,0.35,,,,,,,,
,11:14,Lake Front ,1,,0.1,0,0,395.58,1350.2,0.29,20.3,95.5,1.11,0.33,,,"clear, flat ",
,,,2,,0.1,0,0,463.63,1742.7,0.26,,,,,,,,
,,,3,,0.1,0,0,434.75,1297,0.33,,,,,,,,
,,,,,,,,,,,,,,,,,,
26/03/2025 ,14:23,Hannah's Bay ,1,A,0.1,0,0,385.21,3927.7,0.09,22.6,117.3,1.34,1.21,?rongomauri ,"Sunny, partly cloudy ","light wave action, murky",
,,,2,,0.1,2.96,0.03,421,2652.4,0.15,,,,,,,,
,,,3,,0.1,6.45,0.01,659.34,4363.8,0.15,,,,,,,,
,14:04,Te P?hue ,1,,0.1,3.21,0.03,124.28,547.74,0.22,23.7,114.6,0.67,0.28,,,"flat, clear",
,,,2,,0.1,0,0,65.22,856.58,0.07,,,,,,,,
,,,3,,0.1,0,0,131.19,26.82,0.24,,,,,,,,
,13:49,Ohau Channel ,1,,0.1,0,0,162.76,1361.5,0.11,21.8,106.5,0.62,0.51,,,"clear, light wave action",
,,,2,,0.1,1.69,0.06,221.14,1295.3,0.17,,,,,,,,
,,,3,,0.1,0.5,0.2,293.26,1721.8,0.17,,,,,,,,
,13:35,Hamurana (East),1,,0.1,0,0,254.78,771.97,0.33,21.3,127.4,1.31,0.61,,,"Light wave action, hazy ",
,,,2,,0.1,0,0,182.04,823.43,0.22,,,,,,,,
,,,3,,0.1,0,0,321.45,1071.1,0.3,,,,,,,,
,13:19,Hamurana (bridge),1,,0.1,0.7,0.14,883.94,5971.4,0.14,20.5,105.4,0.69,0.68,,,"hazy, light wave action ",
,,,2,,0.1,1.24,0.08,554.96,4410.1,0.12,,,,,,,,
,,,3,,0.1,0.8,0.12,925.8,2907.2,0.31,,,,,,,,
,13:06,Hamurana (West),1,,0.1,0,0,164.84,471.9,0.34,21.6,107.1,0.47,0.38,,,"light wave action, clear ",
,,,2,,0.1,0,0,147.01,407.37,0.36,,,,,,,,
,,,3,,0.1,0,0,73.51,418.67,0.17,,,,,,,,
,12:46,Awahou (Tarimano),1,,0.1,0,0,224.59,510.29,0.44,15.9,99.8,1.11,0.19,,,"moderate wave action, clear ",
,,,2,,0.1,0,0,234.28,510.29,0.45,,,,,,,,
,,,3,,0.1,0,0,162.76,422.21,0.36,,,,,,,,
,12:20,Ngongotaha ,1,,0.1,0,0,160,587.05,0.27,20.4,111.2,0.71,0.41,,,"moderate wave action, clear ",
,,,2,,0.1,0,0,179.97,900.19,0.19,,,,,,,,
,,,3,,0.1,0,0,262.38,147.1,0.17,,,,,,,,
,11:53,Te Koutu ,1,,0.1,0,0,92.71,724.81,0.12,20.7,107.7,0.76,0.29,,,"flat, clear ",
,,,2,,0.1,0,0,153.16,785.04,0.19,,,,,,,,
,,,3,,0.1,0,0,187.5,709.12,0.26,,,,,,,,
,11:22,Lake Front ,1,,0.1,0,0,329.67,1158.3,0.28,21.1,85.6,1.21,0.52,,,"flat, ripples ",
,,,2,,0.1,0,0,437.51,1340.6,0.32,,,,,,,,
,,,3,,0.1,0,0,423.07,1436.6,0.29,,,,,,,,
,,,,,,,,,,,,,,,,,,
28/03/2025,14:29,Hannah's Bay ,1,A,0.1,0,0,4778.69,2544.3,0.18,22.4,107.4,2.48,1.55,Mutuwhenua ,"Overcast, partial skies","Hazy, light wave action ",
,,,2,,0.1,0,0,510.33,1781.1,0.28,,,,,,,,
,,,3,,44.43,1.39,31.96,478,2613.2,0.18,,,,,,,,
,14:05,Te P?hue ,1,,0.1,0,0,274.06,1231.6,0.22,22.9,109.6,1.04,0.52,,,"clear, light wave action.",
,,,2,,0.1,2.08,0.04,258.93,973.41,0.26,,,,,,,,
,,,3,,0.1,0,0,312.47,1109.4,0.28,,,,,,,,
,13:47,Ohau Channel ,1,,17.82,0,0,172.37,800.73,0.21,21.8,118,0.95,0.29,,,"clear, moderate wave action ",
,,,2,,0.1,0,0,155.23,603.58,0.25,,,,,,,,
,,,3,,0.1,0,0,125.66,632.35,0.19,,,,,,,,
,,Hamurana (East),1,,,,,,,,,,,,,,,"sample site blocked by traffic, looped back around after sampling at the channel, but still no where to park :( "
,,,2,,,,Sample site blocked ,,,,,,,,,,,
,,,3,,,,,,,,,,,,,,,
,13:16,Hamurana (bridge),1,,0.1,1.32,0.04,1689.5,7654.8,0.22,21.4,115.1,2.07,1.21,,,"murky, light wave action ",
,,,2,,0.1,1.59,0.06,2034.3,7365.2,0.27,,,,,,,,
,,,3,,0.1,2.27,0.04,2438.2,7023.3,0.34,,,,,,,,
,13:03,Hamurana (West),1,,13.91,0,0,317.31,935.03,0.33,20.9,102.3,3.34,1.13,,,"Hazy, light wave action ",
,,,2,,15.47,2.42,6.39,337.2,1084.1,0.31,,,,,,,,
,,,3,,0.1,3.6,0.02,465.01,1019.6,0.45,,,,,,,,
,12:43,Awahou (Tarimano),1,,0.1,0,0,723.47,2091.6,0.34,20.6,112.5,2.81,1.33,,,"hazy, moderate wave action ",
,,,2,,0.1,6.5,0.01,723.87,2341.1,0.3,,,,,,,,
,,,3,,13.91,4.68,2.97,635.3,3188,0.19,,,,,,,,
,12:24,Ngongotaha ,1,,0.1,0,0,558.41,1239.4,0.45,20,108.2,0.88,0.93,,,"flat, clear ",
,,,2,,0.1,0,0,307.22,1235,0.29,,,,,,,,
,,,3,,0.1,0,0,508.95,1791.6,0.28,,,,,,,,
,11:47,Te Koutu ,1,,0.1,0,0,225.28,668.12,0.3,21,108.7,0.56,0.4,,,"clear, ripples ",
,,,2,,0.1,0,0,182.04,664.66,0.27,,,,,,,,
,,,3,,0.1,0,0,194.4,771.97,0.25,,,,,,,,
,11:28,Lake Front ,1,,0.1,0,0,121.59,605.36,0.2,21,97.8,1.24,0.37,,,"clear, ripples ",
,,,2,,0.1,0,0,207.39,837.34,0.24,,,,,,,,
,,,3,,0.1,0,0,134.63,644.58,0.2,,,,,,,,
,,,,,,,,,,,,,,,,,,
31/03/2025,11:18,Hannah's Bay ,1,A,0.1,0,0,420.31,1615.3,0.26,20.9,107.1,1.07,1.49,?tirea ,"Overcast, partial skies. ","clear, flat ",
,,,2,,0.1,0,0,353.71,2703.1,0.13,,,,,,,,
,,,3,,0.1,0,0,286.42,1658.9,0.17,,,,,,,,
,11:43,Te P?hue ,1,,0.1,0,0,447.12,985.65,0.45,20.2,101.2,1.21,0.53,,,"clear, flat ",
,,,2,,0.1,0,0,399.72,1019.6,0.39,,,,,,,,
,,,3,,0.1,0,0,332.44,914.95,0.36,,,,,,,,
,11:59,Ohau Channel ,1,,0.1,0.5,0.2,19986,628.05,0.31,19.9,81.8,0.55,0.42,,,"clear, flat ",
,,,2,,0.1,0,0,242.42,1093.7,0.22,,,,,,,,
,,,3,,0.1,0,0,320.07,712.51,0.44,,,,,,,,
,12:15,Hamurana (East),1,,0.1,1.63,0.06,517.86,1132.1,0.45,20.1,125.3,1.16,0.69,,,"clear, flat ",
,,,2,,0.1,1.76,0.05,585.84,912.33,0.64,,,,,,,,
,,,3,,0.1,0,0,481.95,1338,0.35,,,,,,,,
,12:31,Hamurana (bridge),1,,32.69,0,0,515.09,2334.1,0.22,18.3,105.9,0.59,0.39,,,"clear, flat ",
,,,2,,0.1,0,0,35648,1272.6,0.28,,,,,,,,
,,,3,,0.1,2.81,0,349.57,1153.1,0.3,,,,,,,,
,12:43,Hamurana (West),1,,0.1,0,0,262.38,607.13,0.43,19.9,97,0.59,0.39,,,"clear, flat",
,,,2,,0.1,0,0,157.31,539.89,0.29,,,,,,,,
,,,3,,84.34,0.75,112.45,141.49,545.12,0.25,,,,,,,,
,13:12,Awahou (Tarimano),1,,0.1,4.98,0.02,175.02,209.38,0.83,13.9,95.6,2.27,0.13,,,clear flat,
,,,2,,0.1,0,0,78.27,184.91,0.43,,,,,,,,
,,,3,,2.5,2.18,1.14,82.42,218.91,0.37,,,,,,,,
,13:28,Ngongotaha ,1,,13.91,2.62,5.3,410.71,1723.5,0.23,20.6,110.1,0.67,1.04,,,"clear, light wave action ",
,,,2,,0.1,5.91,0.01,470.47,2341.9,0.2,,,,,,,,
,,,3,,0.1,1.73,0.05,546.04,1732.3,0.31,,,,,,,,
,13:49,Te Koutu ,1,,0.1,1.54,0.06,265,839.96,0.31,22.2,127.1,0.71,0.3,,,"clear, light wave action",
,,,2,,0.1,0,0,228.74,730.97,0.31,,,,,,,,
,,,3,,0.1,0,0,252.78,892.35,0.28,,,,,,,,
,14:06,Lake Front ,1,,0.1,3.16,0.03,1232.1,5041.6,0.24,25.3,154.4,0.87,0.55,,,"clear, light wave action",
,,,2,,0.1,6.26,0.01,967.05,4473.7,0.21,,,,,,,,
,,,3,,0.1,6.06,0.01,934.78,4351.6,0.21,,,,,,,,
,,,,,,,,,,,,,,,,,,
2/4/2025,11:14,Hannah's Bay ,1,A,17.04,0.05,340.8,313.16,1802,0.17,20.4,94.7,1.93,1.03,?uenuku ,"Overcast, drizzles ","flat, murky ",
,,,2,,28,7.63,3.66,410.71,2365.5,0.17,,,,,,,,
,,,3,,5.56,0.15,437.06,431.3,2405.6,0.17,,,,,,,,
,11:31,Te P?hue ,1,,0.1,0,0,274.75,609.75,0.45,19.2,95.5,5.74,1.43,,,"flat, clear",
,,,2,,17.04,0,0,230.74,787.66,0.29,,,,,,,,
,,,3,,0.1,0,0,309.78,784.2,0.39,,,,,,,,
,12:12,Ohau Channel ,1,,0.1,0,0,395.58,1289.1,0.3,15.2,105.3,2.54,0.74,,,"flat, clear ",
,,,2,,0.1,2.95,0.03,471.16,1502,0.31,,,,,,,,
,,,3,,0.1,0.55,0.18,295.34,1455.7,0.2,,,,,,,,
,12:39,Hamurana (East),1,,0.1,0,0,442.97,1280.4,0.34,13.1,90.5,0.28,0.04,,,"ripples, clear ",
,,,2,,55.39,2.52,21.98,383.21,1533.3,0.24,,,,,,,,
,,,3,,15.47,0,0,320.76,816.42,0.39,,,,,,,,
,12:57,Hamurana (bridge),1,,3.25,0.7,4.64,412.09,1887.5,0.21,19,107.4,0.35,0.39,,,"flat, clear ",
,,,2,,6.25,1.54,4.05,519.93,1628.4,0.31,,,,,,,,
,,,3,,13.91,2.86,4.86,571.4,2131.7,0.26,,,,,,,,
,13:13,Hamurana (West),1,,13.13,1.09,12.04,344.8,837.34,0.41,15.7,125.6,0.72,0.6,,,"clear, moderate wave action ",
,,,2,,0.1,4.49,0.02,286.42,848.74,0.33,,,,,,,,
,,,3,,61.65,0,0,226.67,723.97,0.31,,,,,,,,
,13:30,Awahou (Tarimano),1,,0.1,0,0,184.04,302.68,0.6,19.1,97.7,0.49,0.44,,,"clear, moderate wave action ",
,,,2,,0.1,0,0,179.97,344.52,0.53,,,,,,,,
,,,3,,0.1,0,0,202.63,310.52,0.65,,,,,,,,
,13:44,Ngongotaha ,1,,4,0.7,5.71,744.53,1983.5,0.37,19.1,90.4,0.74,0.64,,,"clear, moderate wave action ",
,,,2,,0.1,2.86,0.03,826.94,2197.2,0.37,,,,,,,,
,,,3,,0.1,2.67,0.03,798.76,1965.2,0.37,,,,,,,,
,14:03,Te Koutu ,1,,0.1,2.72,0.03,1707.4,2409.2,0.7,19.8,106.5,0.62,0.35,,,"murky, moderate wave action",
,,,2,,48.34,3.26,14.82,2212.2,7080,0.31,,,,,,,,
,,,3,,0.1,3.21,0.03,520.62,1727.9,0.3,,,,,,,,
,14:29,Lake Front ,1,,0.1,6.11,0.01,1322.8,9064.4,0.14,19.6,100.3,2.1,0.73,,," clear, moderate wave action ",
,,,2,,6.25,45.35,0.13,1531.6,7950.5,0.19,,,,,,,,
,,,3,,0.1,7.34,0.01,1390.8,7728,0.18,,,,,,,,
,,,,,,,,,,,,,,,,,,
4/4/2025,,Hannah's Bay ,1,A,0.1,27.37,0,7727.3,44902,0.17,17.9,89.7,42.21,23.31,Tamateatuatahi ,,"High wave action, murky ",
,,,2,,41.3,11.82,3.49,5923.1,36282,0.16,,,,,,,,
,,,3,,94.52,11.37,8.31,5536.6,37300,0.14,,,,,,,,
,,Te P?hue ,1,,0.1,3.31,0.03,3410.7,9103.6,0.37,17.9,97.1,5.19,0.31,,,"Moderate wave action, hazy ",
,,,2,,9.25,0,0,817.34,3889.3,0.21,,,,,,,,
,,,3,,0.1,1.04,9.61,733.54,3490.7,0.21,,,,,,,,
,,Ohau Channel ,1,,0.1,0,0,318.69,1167.1,0.27,19.3,95.4,0.69,0.57,,,"Clear, ripples",
,,,2,,0.1,0,0,342.73,1176.6,0.29,,,,,,,,
,,,3,,0.1,0,0,316.61,819.04,0.38,,,,,,,,
,,Hamurana (East),1,,0.1,0,0,197.1,1169.7,0.16,19,94.6,1.7,0.69,,,"clear, ripples ",
,,,2,,0.1,0,0,309.08,1145.2,0.26,,,,,,,,
,,,3,,0.1,2.77,0.03,318,1257.7,0.25,,,,,,,,
,,Hamurana (bridge),1,,0.1,1.83,0.05,456.03,2056.7,0.22,14.9,103.1,0.51,0.3,,,"ripples, murky ",
,,,2,,0.1,2.08,0.04,361.24,1334.5,0.27,,,,,,,,
,,,3,,0.1,2.85,0.03,416.23,1865.7,0.22,,,,,,,,
,,Hamurana (West),1,,3.25,0,0,364.01,737.91,0.49,17.1,103.4,2.01,0.26,,,"murky, light wave action ",
,,,2,,20.95,0,0,401.8,770.19,0.52,,,,,,,,
,,,3,,0.1,0,0,431.99,760.57,0.56,,,,,,,,
,,Awahou (Tarimano),1,,0.1,0,0,323.52,575.66,0.56,13.5,91.2,2.18,0.13,,,"Moderate wave action, clear",
,,,2,,0.1,0,0,361.24,539.05,0.67,,,,,,,,
,,,3,,0.1,0,0,326.22,593.12,0.55,,,,,,,,
,,Ngongotaha ,1,,10,0.9,11.11,657.27,3919,0.16,15,100.9,5.56,0.94,,,"moderate wave action, clear ",
,,,2,,0.1,1.7,0.05,765.11,2715.3,0.28,,,,,,,,
,,,3,,13.13,2.37,5.54,721.87,2320.2,0.31,,,,,,,,
,,Te Koutu ,1,,0.1,13.79,0,1996.5,9133.6,0.21,18.1,97.7,12.3,4.76,,,"moderate wave action, hazy ",
,,,2,,13.13,15.07,0.87,1400.4,9198.7,0.15,,,,,,,,
,,,3,,15.97,15.8,0.97,1491,12160,0.12,,,,,,,,
,,Lake Front ,1,,0.1,2.32,0.04,2837.9,14027,0.2,18.7,88.6,26.97,5.56,,,"moderate wave action,  murky ",
,,,2,,0.1,2.41,0,2302.8,11687,0.19,,,,,,,,
,,,3,,0.1,3.01,0.03,2502.7,11767,0.21,,,,,,,,
,,,,,,,,,,,,,,,,,,
7/4/2025,11:46,Hannah's Bay ,1,A,0.1,0,0,695.06,2338.5,0.29,17.6,98.2,5.91,1.41,Tamateawhakapau ,"Cloudy, partial shoers and blue skies","high wave action, murky ",
,,,2,,0.1,0,0,714.96,2328,0.3,,,,,,,,
,,,3,,0.1,0,0,718.41,2321,0.3,,,,,,,,
,12:03,Te P?hue ,1,,0.1,0,0,453.26,1740.9,0.26,18.5,99.8,3.01,0.33,,,"moderate wave action, clear ",
,,,2,,0.1,0,0,429.91,1457.5,0.29,,,,,,,,
,,,3,,0.1,0,0,396.96,1330.1,0.29,,,,,,,,
,12:26,Ohau Channel ,1,,0.1,0,0,918.96,1532.5,0.59,18.7,98.3,5.5,0.81,,,"moderate wave action, clear ",
,,,2,,0.1,0,0,392.88,810.35,0.48,,,,,,,,
,,,3,,0.1,0,0,812.5,913.22,0.88,,,,,,,,
,12:47,Hamurana (East),1,,0.1,0,0,241.11,1003.1,0.24,19,104.2,2.08,0.89,,,"light wave action, hazy ",
,,,2,,0.1,0,0,198.48,1159.2,0.17,,,,,,,,
,,,3,,0.1,0,0,300.17,973.41,0.3,,,,,,,,
,13:01,Hamurana (bridge),1,,0.1,3.7,0.02,1965.4,6943.1,0.24,17.6,109.2,0.72,0.3,,,"light wave action, hazy ",
,,,2,,5.5,0,0,2137.3,7118.4,0.3,,,,,,,,
,,,3,,0.1,1.83,0.05,2040.5,6964,0.29,,,,,,,,
,13:17,Hamurana (West),1,,0.1,4.31,0.03,871.57,2353.3,0.37,17.9,104.4,0.65,0.78,,,"light wave action, hazy ",
,,,2,,52.89,0,0,1120.9,1942.5,0.57,,,,,,,,
,,,3,,0.1,5.5,0.03,913.44,2208.5,0.41,,,,,,,,
,13:38,Awahou (Tarimano),1,,0.1,0,0,184.04,768.42,0.23,16.9,99.8,0.9,0.51,,,"flat, clear ",
,,,2,,0.1,0,0,135.03,559.97,0.24,,,,,,,,
,,,3,,41.3,0,0,157.31,663.82,0.23,,,,,,,,
,14:02,Ngongotaha ,1,,0.1,2.11,0.08,200.55,473.68,0.42,16.3,100.6,2.11,0.2,,,"ripples, clear ",
,,,2,,0.1,1.8,0.02,140.79,578.28,0.24,,,,,,,,
,,,3,,0.1,0,0,217.75,624.05,0.34,,,,,,,,
,14:39,Te Koutu ,1,,0.1,0,0,251.4,657.96,0.37,18,105.5,3.34,0.5,,,"light wave action, clear ",
,,,2,,0.1,0,0,136.65,551.29,0.24,,,,,,,,
,,,3,,0.1,0,0,254.78,606.2,0.42,,,,,,,,
,14:55,Lake Front ,1,,0.1,0,0,168.98,786.82,0.21,18.6,94.4,2.23,0.76,,,"light wave action, clear ",
,,,2,,0.1,0,0,229.43,711.73,0.32,,,,,,,,
,,,3,,0.1,0,0,185.42,708.28,0.26,,,,,,,,
,,,,,,,,,,,,,,,,,,
9/4/2025,11:10,Hannah's Bay ,1,,Fluroquick Malfunction ,,,564.56,1480.2,0.38,16.9,103,1.28,0.6,Arimatanui,"Cloudy, partial blue skies, moderate winds ","light wave action, murky ","Fluroquick malfunction- Fluroquick home page blank, replaced batteries but to no avail "
,,,2,,,,,461.55,1544.7,0.29,,,,,,,,
,,,3,,,,,552.88,1928.5,0.28,,,,,,,,
,11:34,Te P?hue ,1,,Fluroquick Malfunction ,,,634.61,1489.7,0.42,17.9,106.6,0.64,0.25,,,"light wave action, hazy ",
,,,2,,,,,532.99,1317.9,0.4,,,,,,,,
,,,3,,,,,505.44,1248.1,0.4,,,,,,,,
,11:57,Ohau Channel ,1,,Fluroquick Malfunction,,,1065.8,2491.1,0.42,17.1,100.3,0.35,0.18,,,"moderate wave action, murky ",
,,,2,,,,,570.09,1740.9,0.32,,,,,,,,
,,,3,,,,,536.37,1735.7,0.3,,,,,,,,
,12:29,Hamurana (East),1,,Fluroquick Malfunction,,,448.5,1208.1,0.37,18.9,105.5,1.39,0.52,,,"moderate wave action, murky ",
,,,2,,,,,1092,1359.8,0.8,,,,,,,,
,,,3,,,,,874.34,4876.7,0.17,,,,,,,,
,12:47,Hamurana (bridge),1,,Fluroquick Malfunction,,,2615.4,12448,0.21,17.3,103.2,4.63,0.81,,,"high wave action, murky ",
,,,2,,,,,2709.5,11104,0.23,,,,,,,,
,,,3,,,,,2597.5,11159,0.23,,,,,,,,
,12:59,Hamurana (West),1,,Fluroquick Malfunction,,,2819.3,1928.5,1.46,17.2,106.1,4.19,0.58,,,"high wave action, murky ",
,,,2,,,,,774.02,2153.5,0.35,,,,,,,,
,,,3,,,,,822.11,1694.7,0.48,,,,,,,,
,13:12,Awahou (Tarimano),1,,Fluroquick Malfunction,,,457.41,938.58,0.48,15.1,109.7,3.51,0.65,,,"moderate wave action, hazy ",
,,,2,,,,,513.71,1094.6,0.46,,,,,,,,
,,,3,,,,,431.3,1283.1,0.33,,,,,,,,
,13:21,Ngongotaha ,1,,Fluroquick Malfunction,,,225.28,473.68,0.42,17.5,104.8,8.57,0.92,,,ripples. murky ,
,,,2,,,,,197.1,578.28,0.24,,,,,,,,
,,,3,,,,,228.74,624.05,0.34,,,,,,,,
,13:42,Te Koutu ,1,,Fluroquick Malfunction,,,201.24,562.59,0.35,17.5,101.6,4.73,0.57,,,"flat, murky",
,,,2,,,,,252.65,582.67,0.43,,,,,,,,
,,,3,,,,,224.59,578.28,0.38,,,,,,,,
,14:05,Lake Front ,1,,Fluroquick Malfunction,,,118.83,650.75,0.18,18.3,96.7,4.37,0.66,,,"flat, murky",
,,,2,,,,,158,710.89,0.22,,,,,,,,
,,,3,,,,,129.12,670.73,0.19,,,,,,,,
,,,,,,,,,,,,,,,,,,
11/4/2025,11:50,Hannah's Bay ,1,,Fluroquick Malfunction,,,361.93,1522.9,0.23,18.2,95.7,0.96,0.38,?hoturoa ,"sunny, partially cloudy ",ripples. clear ,
,,,2,,,,,541.21,2663.8,0.2,,,,,,,,
,,,3,,,,,325.53,2150.1,0.15,,,,,,,,
,12:30,Te P?hue ,1,,Fluroquick Malfunction,,,190.28,539.89,0.35,18.3,96.8,0.65,0.16,,,"ripples, clear ",
,,,2,,,,,158.02,570.43,0.27,,,,,,,,
,,,3,,,,,199.17,678.58,0.29,,,,,,,,
,12:44,Ohau Channel ,1,,Fluroquick Malfunction,,,708.12,742.27,0.95,18.1,91,0.61,0.51,,,"light wave action, clear ",
,,,2,,,,,377.75,831.27,0.45,,,,,,,,
,,,3,,,,,337.2,880.86,0.38,,,,,,,,
,12:58,Hamurana (East),1,,Fluroquick Malfunction,,,170.98,778.04,0.21,20.8,105,0.83,0.38,,,"light wave action, clear ",
,,,2,,,,,269.23,566.98,0.47,,,,,,,,
,,,3,,,,,278.13,1047.5,0.26,,,,,,,,
,13:20,Hamurana (bridge),1,,Fluroquick Malfunction,,,421,3135.7,0.13,18,118.1,0.99,1.01,,,"hazy, moderate wave action ",
,,,2,,,,,385.28,2966.5,0.12,,,,,,,,
,,,3,,,,,486.29,3798.6,0.12,,,,,,,,
,13:37,Hamurana (West),1,,Fluroquick Malfunction,,,223.9,857.42,0.26,17.1,99.9,0.34,0.22,,,"clear, light wave action ",
,,,2,,,,,117.44,860.04,0.13,,,,,,,,
,,,3,,,,,91.33,672.51,0.13,,,,,,,,
,13:52,Awahou (Tarimano),1,,Fluroquick Malfunction,,,133.26,414.28,0.32,13.1,95.1,0.44,0.12,,,"clear, light wave action ",
,,,2,,,,,21.97,525.98,0.04,,,,,,,,
,,,3,,,,,113.3,546.06,0.2,,,,,,,,
,14:08,Ngongotaha ,1,,Fluroquick Malfunction,,,529.53,2415.2,0.21,17.4,105.5,0.86,0.39,,,"clear, flar ",
,,,2,,,,,561.8,1897.9,0.29,,,,,,,,
,,,3,,,,,679.93,1693,0.4,,,,,,,,
,14:25,Te Koutu ,1,,Fluroquick Malfunction,,,586.53,6247.9,0.09,17.7,108.5,2.94,0.92,,,"murky, moderate wave action ",
,,,2,,,,,313.16,1592.6,0.19,,,,,,,,
,,,3,,,,,324.84,1545.6,0.21,,,,,,,,
,14:39,Lake Front ,1,,Fluroquick Malfunction,,,524.7,2828.7,0.18,17.9,126.9,1.19,0.72,,,"hazy, lmoderate wave action ",
,,,2,,,,,448.5,2646.4,0.16,,,,,,,,
,,,3,,,,,460.17,2722.3,0.16,,,,,,,,
,,,,,,,,,,,,,,,,,,
14/04/2025,14:31,Hannah's Bay ,1,,Fluroquick Malfunction,,,357.13,1810.7,0.19,18.6,108.3,0.8,0.97,Rakaumatohi ,overcast ,"flat, clear ",
,,,2,,,,,427.22,1748,0.24,,,,,,,,
,,,3,,,,,385.28,2040.2,0.18,,,,,,,,
,14:09,Te P?hue ,1,,Fluroquick Malfunction,,,157.31,424.83,0.37,18.8,101.7,0.7,0.55,,,"flat, clear ",
,,,2,,,,,179.27,336.37,0.48,,,,,,,,
,,,3,,,,,237.65,460.51,0.51,,,,,,,,
,13:42,Ohau Channel ,1,,Fluroquick Malfunction,,,640.83,1229.8,0.52,18.8,100.3,1.75,0.46,,,"flat, clear ",
,,,2,,,,,427.22,1248.1,0.34,,,,,,,,
,,,3,,,,,1141.4,1949.4,0.58,,,,,,,,
,13:24,Hamurana (East),1,,Fluroquick Malfunction,,,294.65,900.19,0.32,18.4,108.4,0.66,0.42,,,"flat, clear ",
,,,2,,,,,214.99,764.96,0.28,,,,,,,,
,,,3,,,,,426.53,879.27,0.58,,,,,,,,
,12:49,Hamurana (bridge),1,,Fluroquick Malfunction,,,517.86,1304,0.39,17.5,104.8,0.58,0.54,,,"flat, clear ",
,,,2,,,,,407.94,1080.7,0.37,,,,,,,,
,,,3,,,,,434.06,1136.5,0.38,,,,,,,,
,12:16,Hamurana (West),1,,Fluroquick Malfunction,,,475.99,909.04,0.5,17.6,101.8,0.84,0.28,,,"flat, clear ",
,,,2,,,,,502.73,921.95,0.54,,,,,,,,
,,,3,,,,,368.84,869.66,0.42,,,,,,,,
,12:06,Awahou (Tarimano),1,,Fluroquick Malfunction,,,4.15,210.23,0.01,13.7,94.7,0.1,0.05,,,"flat, clear ",
,,,2,,,,,135.96,212.84,0.63,,,,,,,,
,,,3,,,,,136.65,233.76,0.58,,,,,,,,
,11:53,Ngongotaha ,1,,Fluroquick Malfunction,,,67.98,488.43,0.13,17.8,103.7,0.67,1.02,,,"flat, clear ",
,,,2,,,,,158,514.68,0.3,,,,,,,,
,,,3,,,,,153.16,514.68,0.29,,,,,,,,
,11:23,Te Koutu ,1,,Fluroquick Malfunction,,,450.1,1122.1,0.77,18.8,100.9,0.54,0.88,,,"flat, clear ",
,,,2,,,,,324.22,637.1,0.54,,,,,,,,
,,,3,,,,,236.7,450.11,0.2,,,,,,,,
,11:00,Lake Front ,1,,Fluroquick Malfunction,,,67.98,488.43,0.13,19.4,92.4,1.89,0.17,,,"flat, clear ",
,,,2,,,,,158,514.68,0.3,,,,,,,,
,,,3,,,,,153.16,514.68,0.29,,,,,,,,
,,,,,,,,,,,,,,,,,,
16/04/2025 ,11:28,Hannah's Bay ,1,B,0.1,4.31,0.02,560.41,1379,0.4,17.1,95.1,0.91,0.75,Oike ,overcast ,"moderate wave action, hazy ",
,,,2,,0.1,3.61,0.02,333.82,1249.1,0.26,,,,,,,,
,,,3,,0.1,3.41,0.02,362.63,1554.4,0.23,,,,,,,,
,11:48,Te P?hue ,1,,0.1,3.22,0.03,156.61,504.12,0.31,17.9,107,0.99,0.16,,,"moderate wave action, hazy ",
,,,2,,0.1,2.94,0.03,201.93,679.51,0.29,,,,,,,,
,,,3,,0.1,2.9,0.03,116.06,343.68,0.33,,,,,,,,
,12:01,Ohau Channel ,1,,0.1,2.59,0.03,1152.4,1722.6,0.66,18.1,103.6,1.19,0.9,,,"High wave action, murky ",
,,,2,,0.1,2.75,0.03,1225.2,1801.2,0.68,,,,,,,,
,,,3,,0.1,2.05,0.04,1320.7,2396.9,0.55,,,,,,,,
,12:26,Hamurana (East),1,,0.1,2.63,0.03,299.48,1023.1,0.29,17.6,108,0.53,0.45,,,"flat, clear ",
,,,2,,0.1,2.87,0.03,230.05,984.81,0.23,,,,,,,,
,,,3,,0.1,3.1,0.03,331.74,1566.5,0.21,,,,,,,,
,12:40,Hamurana (bridge),1,,0.1,3.72,0.02,608.5,2169.2,0.28,13.6,104.3,1.25,0.3,,,"moderate wave action, hazy ",
,,,2,,0.1,4.35,0.02,759.59,2697,0.28,,,,,,,,
,,,3,,1.75,4.27,0.4,635.3,2888,0.22,,,,,,,,
,14:00,Hamurana (West),1,,0.1,4.38,0.02,794.61,2364.6,0.33,15.1,94.5,13.7,1.11,,,"moderate wave action, murky ",
,,,2,,0.1,5.05,0.01,663.49,2376,0.27,,,,,,,,
,,,3,,0.1,4.5,0.02,702.59,2311.4,0.3,,,,,,,,
,14:22,Awahou (Tarimano),1,,0.1,2.01,0.04,98.24,313.14,0.31,13.2,102.9,7.55,0.33,,,"moderate wave action, murky ",
,,,2,,0.1,2.09,0.04,151.09,302.68,0.49,,,,,,,,
,,,3,,0.1,2.67,0.03,79.65,332.38,0.23,,,,,,,,
,14:49,Ngongotaha ,1,,1.75,3.18,0.55,1400,2261.7,0.61,17.1,100.8,18.89,4.43,,,"moderate wave action, murky ",
,,,2,,0.1,4.07,0.02,1472.5,2779.8,0.52,,,,,,,,
,,,3,,0.1,4.03,0.02,1607.8,3060.7,0.52,,,,,,,,
,13:11,Te Koutu ,1,,0.1,4.38,0.02,1630.4,8230.5,0.19,16.7,88.4,15.6,5.46,,,"High wave action, murky ",
,,,2,,0.1,5.83,0.01,3186.1,5594.5,0.56,,,,,,,,
,,,3,,0.1,5.94,0.01,1395.8,3584,0.38,,,,,,,,
,10:57,Lake Front ,1,,52.26,5.48,9.53,383.21,2078.6,0.18,17.6,93.4,1.12,0.37,,,"hazy, moderate wave action ",
,,,2,,73.39,10,7.33,219.76,1437.4,0.15,,,,,,,,
,,,3,,82,6.84,11.98,381.21,1835.2,0.2,,,,,,,,
,,,,,,,,,,,,,,,,,,
17/04/2025 ,12:14,Hannah's Bay ,1,B,0.1,2.63,0.03,932.02,1568.3,0.59,17.1,104.4,2.53,0.98,korekore-te-whiwhia,"Cloudy, heavy wind and rain ","High wave action, murky ",Start of easter storm- unable to do 2 sites due to weather 
,,,2,,0.1,1.62,0.06,964.97,1689.5,0.57,,,,,,,,
,,,3,,0.1,1.74,0.05,1140.7,2027.9,0.56,,,,,,,,
,,Te P?hue ,1,,,,,,,,,,,,,,,
,,,2,,,,,,,,,,,,,,,
,,,3,,,,,,,,,,,,,,,
,11:47,Ohau Channel ,1,,0.1,3.53,0.02,671.02,1076.3,0.62,18.2,99,0.73,0.87,,,"moderate wave action, clear ",
,,,2,,0.1,3.41,0.02,850.98,1321.4,0.64,,,,,,,,
,,,3,,0.1,1.85,0.05,857.82,1372.9,0.62,,,,,,,,
,11:34,Hamurana (East),1,,0.1,1.74,0.05,600.28,1279.6,0.46,17.2,99.8,0.69,0.8,,,"moderate wave action, clear ",
,,,2,,0.1,1.89,0.05,734.23,993.49,0.73,,,,,,,,
,,,3,,0.1,1.85,0.05,703.28,1167.1,0.6,,,,,,,,
,11:14,Hamurana (bridge),1,,42.85,2.98,14.38,1323.5,3314.5,0.39,14.4,100.9,2.15,3.31,,,"moderate wave action, murky ",
,,,2,,45.21,2.79,16.2,1217.7,2750.1,0.44,,,,,,,,
,,,3,,49.13,2.75,17.86,1160,2591.5,0.44,,,,,,,,
,,Hamurana (West),1,,,,,,,,,,,,,,,
,,,2,,,,,,,,,,,,,,,
,,,3,,,,,,,,,,,,,,,
,10:55,Awahou (Tarimano),1,,79.65,1.93,41.26,984.87,846.12,1.16,13.5,95.7,3.64,0.52,,,"high wave action, murky ",
,,,2,,72.6,1.7,42.7,1054.2,883.57,1.19,,,,,,,,
,,,3,,25.65,2.24,11.45,1136.6,918.5,1.23,,,,,,,,
,10:30,Ngongotaha ,1,,0.1,2.83,0.03,1497.2,2769.4,0.54,14.2,100.7,18.4,4.24,,,"high wave action, murky ",
,,,2,,17.04,2.59,6.57,1540.5,2401.2,0.64,,,,,,,,
,,,3,,32.69,2.44,13.39,1497.2,2441.4,0.61,,,,,,,,
,10:03,Te Koutu ,1,,37.39,8.44,4.43,993.85,3536.1,0.28,15.8,98,14.2,2.55,,,"high wave action, murky ",
,,,2,,0.1,6.45,0.01,1468.3,11616,0.12,,,,,,,,
,,,3,,0.1,5.79,0.01,993.16,3769.9,0.26,,,,,,,,
,9:37,Lake Front ,1,,0.1,10.62,0,2539.8,12119,0.2,16.9,88.4,17.05,3.39,,,"high wave action, murky ",
,,,2,,0.1,11.01,0,2424.4,11403,0.21,,,,,,,,
,,,3,,0.1,10.03,0,1601.6,8260.2,0.19,,,,,,,,
,,,,,,,,,,,,,,,,,,
22/04/2025,10:45,Hannah's Bay ,1,B ,0.1,4.07,0.02,863.35,2446.6,0.35,19.1,96.3,0.63,0.57,Tangaroa-a-kiokio,"broken clouds, partial blue skies ",ripples. clear,sampling after storm end 
,,,2,,0.1,4.35,0.02,824.87,1708.7,0.48,,,,,,,,
,,,3,,0.1,4,0.02,957.44,2214.6,0.43,,,,,,,,
,11:02,Te P?hue ,1,,0.1,2.87,0.03,700.52,979.58,0.71,20.1,98.4,1.2,0.27,,,"flat, clear ",
,,,2,,0.1,2.87,0.03,616.1,1759.3,0.35,,,,,,,,
,,,3,,0.1,2.24,0.04,559.72,908.88,0.61,,,,,,,,
,11:16,Ohau Channel ,1,,0.1,2.63,0.03,706.74,1128.7,0.62,19,90.9,1.54,0.36,,,"light wave action, clear ",
,,,2,,0.1,2.75,0.03,1087.9,1792.4,0.6,,,,,,,,
,,,3,,0.1,2.55,0.03,845.46,1844.8,0.45,,,,,,,,
,11:40,Hamurana (East),1,,0.1,3.96,0.02,967.05,1419.1,0.68,19,97.2,3.28,0.88,,,"light wave action, hazy",
,,,2,,1,3.57,0.28,1003.4,1757.6,0.57,,,,,,,,
,,,3,,44.43,3.49,12.73,997.24,2021.9,0.49,,,,,,,,
,12:00,Hamurana (bridge),1,,1.75,3.29,0.53,1155.9,2066.3,0.55,18.3,101.5,1.05,0.34,,,"light wave action, hazy ",
,,,2,,0.1,3.06,0.03,1270.6,1727.9,0.73,,,,,,,,
,,,3,,0.1,4.27,0.02,1292.5,1877,0.68,,,,,,,,
,12:10,Hamurana (West),1,,9.25,2.67,3.46,1049.4,1037.9,1.01,18.2,100.9,0.41,0.2,,,"light wave action, clear ",
,,,2,,74.17,2.05,36.18,1195.7,1053.7,1.13,,,,,,,,
,,,3,,0.1,2.79,0.03,996.55,923.73,1.07,,,,,,,,
,12:22,Awahou (Tarimano),1,,12.34,2.05,6.01,891.47,894.96,0.99,18.7,97.1,0.41,0.22,,,"ripples, clear ",
,,,2,,0.1,2.48,0.04,1014.5,1000.5,1.01,,,,,,,,
,,,3,,0.1,2.44,0.04,1015.1,977.8,1.03,,,,,,,,
,13:01,Ngongotaha ,1,,0.1,2.16,0.04,1097.5,1017.9,1.07,18.8,99.9,0.52,0.17,,,"light wave action, clear ",
,,,2,,8.5,2.36,3.6,962.9,905.42,1.06,,,,,,,,
,,,3,,68.69,2.01,34.17,1054.2,947.26,1.11,,,,,,,,
,13:30,Te Koutu ,1,,0.1,2.16,0.04,1089.2,1289.1,0.84,19.4,98.4,0.83,0.37,,,"light wave action, clear ",
,,,2,,3.25,2.36,1.37,861.28,1200.2,0.71,,,,,,,,
,,,3,,1.75,2.79,0.62,964.97,987.42,0.97,,,,,,,,
,13:47,Lake Front ,1,,17.04,1.77,9.62,729.4,893.19,0.81,21.8,97.6,1.52,0.25,,,"flat, hazy ",
,,,2,,3.25,1.54,2.11,771.95,804.19,0.95,,,,,,,,
,,,3,,26.43,1.38,19.15,767.88,836.5,0.91,,,,,,,,
,,,,,,,,,,,,,,,,,,
23/04/2025 ,12:10,Hannah's Bay ,1,B,4.75,2.36,2.01,1122.9,2159.6,0.52,19.3,106.8,0.85,0.78,?tane ,"Mostly sunny, partial cloud, light winds ","light wave action, hazy ",
,,,2,,15.47,3.92,3.94,1443.6,2432.7,0.59,,,,,,,,
,,,3,,11.56,3.68,3.14,1124.2,1658.1,0.67,,,,,,,,
,12:46,Te P?hue ,1,,51.47,1.58,32.57,840.69,873.11,0.96,19.8,100.4,0.69,0.2,,,"light wave action, clear ",
,,,2,,60.86,1.81,33.62,822.8,968.18,0.84,,,,,,,,
,,,3,,20.17,1.85,10.9,861.97,919.34,0.93,,,,,,,,
,13:12,Ohau Channel ,1,,4,3.37,1.18,977.34,1144.4,0.85,19.2,103.7,1.73,0.33,,,"high wave action, hazy ",
,,,2,,0.1,2.51,0.03,1124.9,1387.7,0.81,,,,,,,,
,,,3,,0.1,2.2,0.04,1123.6,4745.9,0.23,,,,,,,,
,13:33,Hamurana (East),1,,0.1,2.75,0.03,5807.6,12942,0.44,17.3,102,4.14,0.95,,,"high wave action, murky ",
,,,2,,0.1,4.66,0.02,1341.3,1945.1,0.68,,,,,,,,
,,,3,,0.1,3.45,0.02,1333.8,1979.1,0.67,,,,,,,,
,13:46,Hamurana (bridge),1,,0.1,3.45,0.02,1348.1,2279.2,0.59,14.3,103.1,2.83,0.39,,,"high wave action, murky ",
,,,2,,7.75,2.67,2.9,1418.2,2096,0.67,,,,,,,,
,,,3,,3.25,3.14,1.03,1322.8,2105.5,0.62,,,,,,,,
,14:02,Hamurana (West),1,,0.1,11.51,0,1692.9,3331.1,0.5,18.3,99.3,15.13,2.43,,,"high wave action, murky ",
,,,2,,0.1,3.84,0.02,1625.7,2729.2,0.59,,,,,,,,
,,,3,,0.1,4.15,0.02,1557.7,2929.8,0.53,,,,,,,,
,14:25,Awahou (Tarimano),1,,17.82,3.37,5.28,1261.6,1507.2,0.83,19.2,101.6,6.81,0.93,,,"high wave action, murky ",
,,,2,,0.1,3.06,0.03,1355.1,1712.2,0.79,,,,,,,,
,,,3,,0.1,3.61,0.02,1407.2,1802.9,0.78,,,,,,,,
,14:42,Ngongotaha ,1,,71.04,3.1,22.91,1883.9,1913.7,0.98,16.6,103.1,4.73,0.35,,,"high wave action, murky ",
,,,2,,49.13,4.23,11.61,1794.6,1800.2,0.99,,,,,,,,
,,,3,,0.1,4.5,0.02,1991.7,2242.5,0.88,,,,,,,,
,11:15,Te Koutu ,1,,0.1,3.14,0.03,847.53,1282.2,0.66,18.8,97,3.03,0.73,,,"moderate wave action, murky ",
,,,2,,0.1,2.83,0.03,1006.8,1214.1,0.82,,,,,,,,
,,,3,,0.1,3.14,0.03,1118.8,1229.8,0.9,,,,,,,,
,11:36,Lake Front ,1,,0.1,3.64,0.02,824.87,1273.4,0.64,20.2,84.1,0.95,0.2,,,"moderate wave action, hazy ",
,,,2,,0.1,1.66,0.06,768.57,956.88,0.8,,,,,,,,
,,,3,,0.1,1.93,0.05,922.42,900.19,1.02,,,,,,,,
,,,,,,,,,,,,,,,,,,
28/04/2025 ,11:50,Hannah's Bay ,1,B,56.6,5.16,10.58,1360.5,3093,0.43,18,96.8,2.42,0.69,Whirowhiti ,"overcast, periods of rain ","moderate wave action, hazy ",
,,,2,,39.73,5.48,7.25,1077.5,1502.8,0.71,,,,,,,,
,,,3,,38.95,7.15,5.44,1086.5,1536.9,0.7,,,,,,,,
,12:22,Te P?hue ,1,,44.43,3.48,11.57,978.03,1841.2,0.53,17.8,97.7,0.69,0.46,,,"flat, clear ",
,,,2,,46,4.23,10.87,943.7,1550,0.6,,,,,,,,
,,,3,,54.6,5.51,9.9,1006.8,1709.6,0.58,,,,,,,,
,12:42,Ohau Channel ,1,,80.43,5.44,14.78,1083.8,2310.5,0.46,17.9,93.8,0.62,0.6,,,"light wave action, clear ",
,,,2,,82.78,5.32,15.56,1010.2,2107.3,0.47,,,,,,,,
,,,3,,86.69,5.28,16.41,1024.7,2184.1,0.46,,,,,,,,
,12:59,Hamurana (East),1,,71.04,4.77,14.89,1012.3,1270.8,0.79,18.1,97.2,0.92,0.68,,,"light wave action, clear ",
,,,2,,70.26,4.31,16.3,957.44,1210.8,0.79,,,,,,,,
,,,3,,73.39,4.07,18.03,1199.1,2020.1,0.59,,,,,,,,
,13:22,Hamurana (bridge),1,,133.5,4.75,28.16,1108.5,1305.7,0.84,15,106.3,0.63,0.72,,,"light wave action, clear ",
,,,2,,116.36,5.09,22.86,1213.6,1516.8,0.8,,,,,,,,
,,,3,,116.36,4.93,23.6,1289.1,1440,0.89,,,,,,,,
,13:32,Hamurana (West),1,,94.52,4.81,19.65,1161.3,1186.2,0.97,16.1,100.2,0.44,0.49,,,"light wave action, clear ",
,,,2,,104.67,4,26.16,1074.2,1290.1,0.83,,,,,,,,
,,,3,,93.73,4.07,23.02,1552.8,1276.9,1.21,,,,,,,,
,13:59,Awahou (Tarimano),1,,130.38,4,32.59,1014.4,984.81,1.03,15.3,98.1,0.35,0.12,,,"clear, moderate wave action ",
,,,2,,106.23,4.11,25.84,1199.8,1489.7,0.8,,,,,,,,
,,,3,,110.9,3.8,29.18,1197.1,932.41,1.28,,,,,,,,
,14:23,Ngongotaha ,1,,168.57,3.45,48.86,1415.5,1750.6,0.8,16.8,102.2,0.66,0.59,,,"light wave action, clear ",
,,,2,,110.12,4.03,27.32,1504.1,1865.7,0.8,,,,,,,,
,,,3,,160,3.18,50.31,1420.3,1861.3,0.76,,,,,,,,
,14:50,Te Koutu ,1,,101.55,3.72,27.29,1300.1,1893.6,0.68,17.9,103,1.21,0.59,,,"light wave action, hazy ",
,,,2,,79.65,3.33,23.91,1327.6,1439.2,0.92,,,,,,,,
,,,3,,96.8,3.68,26.1,1256.1,1616.3,0.77,,,,,,,,
,15:03,Lake Front ,1,,102.33,2.98,34.33,1258.9,1595.4,0.78,20.3,85.7,4.14,0.9,,,"light wave action, hazy ",
,,,2,,80.43,3.41,23.58,1251.4,1667.7,0.75,,,,,,,,
,,,3,,102.33,3.41,30,1225.2,1652,0.74,,,,,,,,
,,,,,,,,,,,,,,,,,,
2/5/2025,11:06,Hannah's Bay ,1,B,0.1,1.12,0.04,1210.1,1280.4,0.94,16.8,82,3.38,0.22,?uenuku ,"blue skies, partly cloudy. Southwesterlies","light wave action, murky ",
,,,2,,0.1,2.36,0.04,1201.9,1422.6,0.84,,,,,,,,
,,,3,,0.1,1.77,0.05,1230,1346.7,0.91,,,,,,,,
,11:28,Te P?hue ,1,,0.1,2.67,0.03,956.06,1240.3,0.77,15.4,89.5,3.41,0.45,,,"oderate wave action, hazy ",
,,,2,,5.3,3.25,29.32,2069.3,2150.1,0.96,,,,,,,,
,,,3,,0.1,2.87,0.03,1083.1,1072.8,1,,,,,,,,
,11:43,Ohau Channel ,1,,0.1,1.19,0.08,1216.3,1307.4,0.93,15.4,95.4,3.2,0.44,,,"moderate wave action, hazy ",
,,,2,,0.1,3.37,0.02,1343.4,1179.2,1.13,,,,,,,,
,,,3,,0.1,2.48,0.04,1326.9,1369.4,0.96,,,,,,,,
,12:03,Hamurana (East),1,,0.1,2.4,0.04,899.07,1160.1,0.77,15.4,95.4,5.3,0.58,,,"moderate wave action, hazy ",
,,,2,,0.1,1.97,0.05,1065.9,1028.4,1.03,,,,,,,,
,,,3,,0.1,2.2,0.04,1048.5,1099.9,0.95,,,,,,,,
,12:20,Hamurana (bridge),1,,0.1,1.93,0.05,881.8,1225.4,0.71,15.6,98.1,1.42,0.25,,,"moderate wave action, murky ",
,,,2,,98.43,1.35,72.91,1021.9,1297.9,0.78,,,,,,,,
,,,3,,0.1,1.35,0.07,1069.3,1050.1,1.01,,,,,,,,
,12:43,Hamurana (West),1,,0.1,1.7,0.05,1061.8,874.89,1.21,15.7,95.4,1.16,0.27,,,"moderate wave action, hazy ",
,,,2,,0.1,1.43,0.07,1088.5,936.8,1.16,,,,,,,,
,,,3,,31.91,0.92,34.68,1118.1,987.42,1.13,,,,,,,,
,12:59,Awahou (Tarimano),1,,96.08,1.15,83.54,1141.4,1134.7,1,16.5,96.9,2.79,0.46,,,"high wave action, murky ",
,,,2,,100,1.97,50.76,1191.6,1041.4,1.14,,,,,,,,
,,,3,,22.52,2.4,9.38,1183.3,1092,1.08,,,,,,,,
,13:14,Ngongotaha ,1,,20.95,2.24,9.35,1469,2012.2,0.73,16.2,97.5,1.46,0.48,,,"light wave action, clear, lots of weed wash up ",
,,,2,,0.1,1.93,0.05,1396.9,3126.1,0.44,,,,,,,,
,,,3,,5.5,1.81,3.03,1535,2944.7,0.52,,,,,,,,
,13:33,Te Koutu ,1,,0.1,1.15,0.08,1155.9,1287.4,0.89,17.4,102.3,1.03,0.7,,,"flat, clear ",
,,,2,,0.1,1.35,0.07,1200.5,1734,0.69,,,,,,,,
,,,3,,16.26,0.98,15.93,1282.2,1507.2,0.85,,,,,,,,
,13:49,Lake Front ,1,,0.1,1.38,0.07,1046,1090.3,0.95,17.9,89.5,6.55,0.9,,,"flat, murky ",
,,,2,,28.78,1.03,27.94,989.71,1163.5,0.85,,,,,,,,
,,,3,,24.26,0.84,40.78,991.78,1141.8,0.86,,,,,,,,
,,,,,,,,,,,,,,,,,,
5/5/2025,10:54,Hannah's Bay ,1,B,0.1,1.89,0.05,1256.8,1360.7,0.92,14.6,96.9,1.27,0.28,Tamateaaio ,clear skies ,"flat, hazy ",
,,,2,,0.1,1.89,0.05,1146.3,841.73,1.36,,,,,,,,
,,,3,,0.1,2.16,34.69,1232.1,992.65,1.24,,,,,,,,
,11:20,Te P?hue ,1,,58.52,2.75,21.28,1170.9,952.49,1.22,13.8,94.6,2.62,0.26,,,"light wave action , hazy ",
,,,2,,35.04,2.75,12.74,1151.7,1078.1,1.06,,,,,,,,
,,,3,,36.6,2.83,12.93,953.99,972.57,0.98,,,,,,,,
,11:47,Ohau Channel ,1,,96.08,2.55,37.67,1186.8,901.88,1.31,12.4,98.9,1.45,0.22,,,"flat, hazy ",
,,,2,,121.03,2.75,44.01,1094,935.03,1.17,,,,,,,,
,,,3,,110.12,2.24,49.16,1111.3,914.11,1.21,,,,,,,,
,12:12,Hamurana (East),1,,78.86,2.09,37.73,1082.4,975.19,1.11,13.4,102.8,1.93,0.28,,,"flat, hazy",
,,,2,,0.1,1.97,0.05,1169.6,1023.1,1.14,,,,,,,,
,,,3,,10.75,1.89,5.7,1195,945.49,1.26,,,,,,,,
,12:35,Hamurana (bridge),1,,74.95,1.31,57.21,1119.5,964.73,1.16,13.9,99.3,1,0.32,,,"light wave action, hazy ",
,,,2,,50.69,1.46,34.71,1140.7,1294.4,0.88,,,,,,,,
,,,3,,0.1,1.35,0.07,1072.8,889.73,1.2,,,,,,,,
,12:43,Hamurana (West),1,,54.6,1.46,37.39,1249.3,1195,1.04,12.6,98.3,2.95,0.48,,,"light wave action, hazy ",
,,,2,,24.08,1.58,15.24,1090.6,1119.1,0.97,,,,,,,,
,,,3,,135.84,1.89,71.87,1049.4,969.96,1.08,,,,,,,,
,13:09,Awahou (Tarimano),1,,0.1,1.31,0.07,1017.8,980.42,1.03,13.7,100.7,0.86,0.21,,,"clear, light wave action ",
,,,2,,0.1,1.74,0.05,1155.2,1171.4,0.98,,,,,,,,
,,,3,,18.6,1.27,14.64,742.45,828.66,0.89,,,,,,,,
,13:37,Ngongotaha ,1,,0.1,1.74,0.05,745.91,905.42,0.82,14.4,102.9,1.06,0.35,,,"flat, hazy ",
,,,2,,36.6,1.58,23.16,1122.9,1103.4,1.01,,,,,,,,
,,,3,,14.69,1.31,11.21,984.18,1068.4,0.92,,,,,,,,
,14:01,Te Koutu ,1,,0.1,2.36,0.04,1051.5,1041.4,1,16.1,110.4,0.95,0.32,,,"flat, clear ",
,,,2,,0.1,1.74,0.05,1157.3,1151.4,1,,,,,,,,
,,,3,,4,1.85,2.16,1061.1,1010.1,1.05,,,,,,,,
,14:14,Lake Front ,1,,4,1.38,2.89,1201.2,1417.3,0.84,16.2,94.9,2.23,0.23,,,"flat, murky ",
,,,2,,0.1,2.05,0.04,1332.4,1536,0.86,,,,,,,,
,,,3,,0.1,2.16,0.04,832.4,1194,0.69,,,,,,,,
,,,,,,,,,,,,,,,,,,
7/5/2025,12.26,Hannah's Bay ,1,B,87.47,4.11,21.28,1144.2,1775.9,0.64,16.1,101.9,0.9,0.63,Huna ,Cloudy ,,
,,,2,,81.21,4.7,17.27,1680.6,1493.3,1.12,,,,,,,,
,,,3,,42.08,3.37,12.48,1230.7,1559.6,0.78,,,,,,,,
,12.42,Te P?hue ,1,,6.25,2.9,2.15,1635.3,1836,0.89,15.4,93,1.71,0.55,,,,
,,,2,,121.03,3.8,31.85,1971.8,1491.5,1.32,,,,,,,,
,,,3,,11.56,2.71,4.26,1469,1278.7,1.14,,,,,,,,
,12.56,Ohau Channel ,1,,64.78,3.06,21.16,2280.2,1229,1.85,15.6,96.5,1.33,0.39,,,,
,,,2,,165.45,2.67,61.96,1841.3,1208.9,1.52,,,,,,,,
,,,3,,99.21,3.57,27.78,1491.7,1690.4,0.88,,,,,,,,
,13.21,Hamurana (East),1,,175.58,4.15,42.3,1283.6,1490.7,0.86,15.7,104.1,0.8,0.68,,,,
,,,2,,92.95,4.66,19.94,1649.7,1521.2,1.08,,,,,,,,
,,,3,,143.63,3.64,39.45,1691.6,1494.1,1.13,,,,,,,,
,13.34,Hamurana (bridge),1,,170.9,3.41,50.11,1272.6,1062.4,1.19,14.1,101.9,0.71,0.28,,,,
,,,2,,157.66,3.25,48.51,1352.3,1205.4,1.12,,,,,,,,
,,,3,,88.26,3.72,23.72,1397.6,1241.2,1.12,,,,,,,,
,13:41,Hamurana (West),1,,153.76,3.18,48.35,2179.2,1979.1,1.1,15,103.1,0.79,0.82,,,,
,,,2,,163.89,4.38,37.41,2024,2000.9,1.01,,,,,,,,
,,,3,,44.43,3.8,11.69,2382.5,1961.3,1.24,,,,,,,,
,14:13,Awahou (Tarimano),1,,0.1,2.59,0.03,1342.7,1518.6,0.88,15.5,102.9,1.74,1.19,,,,
,,,2,,5.5,2.9,1.89,1907.9,1664.2,1.14,,,,,,,,
,,,3,,0.1,2.36,0.04,1427.2,1222.8,1.16,,,,,,,,
,14:27,Ngongotaha ,1,,35.04,4.5,7.78,1344.1,1714,0.78,16.1,108,1.13,1.37,,,,
,,,2,,20.95,3.41,6.14,1343.4,1869.2,0.71,,,,,,,,
,,,3,,0.1,2.59,0.03,1436.1,2329.8,0.61,,,,,,,,
,14:45,Te Koutu ,1,,44.43,2.12,20.95,1302.8,1370.3,0.95,15.5,111.3,0.9,0.25,,,,
,,,2,,0.1,2.32,0.04,1111.9,1232.4,0.9,,,,,,,,
,,,3,,4.75,2.23,2.04,1129.1,1024,1.1,,,,,,,,
,11:38,Lake Front ,1,,46,1.97,23.35,576.23,931.57,0.61,15.2,83.7,3.2,0.32,,,,
,,,2,,11.56,2.16,5.35,667.56,890.57,0.74,,,,,,,,
,,,3,,10,1.85,5.4,467.7,869.66,0.53,,,,,,,,
,,,,,,,,,,,,,,,,,,
9/5/2025,11:59,Hannah's Bay ,1,B,82.78,27.57,3,6298.1,31239,0.2,16.6,95.8,24.57,24.76,M?ure ,Heavy wind and rains ,,
,,,2,,106.23,31.22,3.4,6757.5,33508,0.2,,,,,,,,
,,,3,,96.08,32.08,2.99,6462.2,37972,0.17,,,,,,,,
,12:17,Te P?hue ,1,,0.1,5.01,0.01,1524,2471.9,0.61,16.5,97.2,9.9,1.39,,,,
,,,2,,0.1,4.62,0.02,1499.3,2246,0.66,,,,,,,,
,,,3,,0.1,5.12,0.01,1550.1,2753.7,0.56,,,,,,,,
,12:38,Ohau Channel ,1,,157.66,4.85,32.5,1261.6,2472.8,0.51,16.5,99.3,0.89,1.35,,,,
,,,2,,150.64,5.01,30.06,1677.8,4696.1,0.35,,,,,,,,
,,,3,,138.96,7.7,18.04,1677.1,3570.9,0.46,,,,,,,,
,12:50,Hamurana (East),1,,201.29,5.67,35.5,1752,5366.9,0.32,16.4,99.3,0.88,1.6,,,,
,,,2,,184.98,5.09,36.33,1461.5,3195,0.45,,,,,,,,
,,,3,,154.54,5.75,6.87,1494.5,3741.9,0.39,,,,,,,,
,13:10,Hamurana (bridge),1,,196.62,4.38,22.89,1234.2,1956.4,0.63,14.3,98.7,0.75,0.35,,,,
,,,2,,184.15,5.48,33.6,1285.7,1669.4,0.77,,,,,,,,
,,,3,,202.85,3.95,51.22,1130.5,1280.4,0.88,,,,,,,,
,13:19,Hamurana (West),1,,236.36,4.97,47.44,1256.8,1929.4,0.65,16.2,98.8,17.23,0.64,,,,
,,,2,,175.58,5.32,33,1245.1,1891,0.65,,,,,,,,
,,,3,,169.35,5.01,33.8,1329.6,1423.5,0.93,,,,,,,,
,13:42,Awahou (Tarimano),1,,170.9,4.93,34.66,1190.2,1353.7,0.87,13.9,90.5,2.42,0.31,,,,
,,,2,,79.65,4.07,19.57,1212.2,1457.5,0.83,,,,,,,,
,,,3,,170.12,4.5,37.8,1166.2,1350.2,0.86,,,,,,,,
,13:56,Ngongotaha ,1,,169.35,6.37,26.58,1193,2085.5,0.57,15.9,95.7,11.99,1.21,,,,
,,,2,,145.97,5.4,27.03,1397.6,2234.7,0.62,,,,,,,,
,,,3,,163.11,5.36,30.43,1311.8,1788.1,0.73,,,,,,,,
,14:13,Te Koutu ,1,,239.48,8.67,27.62,1805.6,5304.1,0.34,16.1,96.8,14.84,2.89,,,,
,,,2,,184.15,9.92,18.56,1978,5988,0.33,,,,,,,,
,,,3,,138.96,9.96,13.95,1969.1,7076.6,0.27,,,,,,,,
,14:25,Lake Front ,1,,250.38,12.91,19.39,3058.3,9333.9,0.32,18.4,79.8,144.84,7.43,,,,
,,,2,,172.46,13.96,12.35,2837.9,9163.8,0.3,,,,,,,,
,,,3,,251.94,12.87,19.57,2980.1,9548.7,0.31,,,,,,,,
,,,,,,,,,,,,,,,,,,
12/5/2025,11:19,Hannah's Bay ,1,B,136.62,2.79,48.96,1386.6,1632.8,0.48,15.4,90,2.95,0.52,?turuturu,Fine. Light winds.,,
,,,2,,141.25,2.28,61.96,1465,1939.9,0.75,,,,,,,,
,,,3,,156.1,1.66,94.03,1513.7,1515,0.99,,,,,,,,
,11:45,Te P?hue ,1,,169.35,1.11,152.56,1083.1,1079.8,1,15,94.3,1.53,0.31,,,,
,,,2,,150.64,1.15,130.99,1244.4,1427.8,0.87,,,,,,,,
,,,3,,160.77,1.15,139.8,1315.9,1330.1,0.98,,,,,,,,
,12:11,Ohau Channel ,1,,169.35,0.84,201.6,1130.5,1172.3,0.96,14.7,95.7,0.93,0.25,,,,
,,,2,,169.35,1.11,152.56,1055.6,1004.7,1.05,,,,,,,,
,,,3,,151.42,0.72,210.3,1206,934.19,1.29,,,,,,,,
,12:38,Hamurana (East),1,,74.17,1.42,52.23,1106.4,1127.7,0.98,15.2,98.7,1.16,0.3,,,,
,,,2,,78.08,1.11,70.34,1236.9,1173.1,1.05,,,,,,,,
,,,3,,70.26,1.46,48.12,1311.8,1143.5,1.14,,,,,,,,
,13:00,Hamurana (bridge),1,,13.13,0,0,1199.1,1850.9,0.64,14.4,98.3,0.99,0.36,,,,
,,,2,,0.1,0,0,1210.8,1626.7,0.74,,,,,,,,
,,,3,,0.1,0.17,0.85,1576.9,1641.6,0.96,,,,,,,,
,13:10,Hamurana (West),1,,80.43,0,0,1232.8,1348.4,0.91,15.1,98.8,0.84,0.43,,,,
,,,2,,156.88,0.06,0,1313.1,1242.9,1.05,,,,,,,,
,,,3,,95.3,0.33,288.78,1174.4,1348.4,0.87,,,,,,,,
,13:28,Awahou (Tarimano),1,,160.77,0,0,1262.3,1012.7,1.24,13.5,95.8,0.65,0.22,,,,
,,,2,,108.57,0,0,1087.9,1601.4,0.67,,,,,,,,
,,,3,,95.3,0,0,1094.7,1170.5,0.93,,,,,,,,
,13:56,Ngongotaha ,1,,82.78,0,0,1416.2,1859.6,0.76,16,102.7,1.39,0.77,,,,
,,,2,,116.36,0.37,314.48,1319.3,2267.8,0.58,,,,,,,,
,,,3,,124.15,0.13,955,1488.3,1797.6,0.82,,,,,,,,
,14:26,Te Koutu ,1,,89.82,1.7,52.83,1209.4,1895.3,0.63,16.6,104.5,4.64,1.87,,,,
,,,2,,81.21,0.76,106.85,1817.9,2129.1,0.85,,,,,,,,
,,,3,,82.78,1.03,80.36,1209.4,1679.9,0.72,,,,,,,,
,10:40,Lake Front ,1,,0.1,0.06,1.66,1052.9,905.42,1.16,14.6,82.4,1.9,0.09,,,,
,,,2,,6.25,0.45,13.88,991.78,928.12,1.06,,,,,,,,
,,,3,,133.5,0.6,222.5,945.08,859.2,1.1,,,,,,,,
,,,,,,,,,,,,,,,,,,
14/05/2025,15:12,Hannah's Bay ,1,B,23.3,0.45,51.77,946.46,1167.1,0.81,16.2,94,2.83,0.44,R?kaumatohi ,clear skies ,"light wave action, clear ",
,,,2,,690.64,0.41,0,943.01,1737.5,0.54,,,,,,,,
,,,3,,27.21,0.64,42.51,1041.2,1454,0.71,,,,,,,,
,14:54,Te P?hue ,1,,46,0.45,102.22,1153.1,2031.4,0.56,16.4,98.9,1.12,0.77,,,"clear, flat",
,,,2,,0.1,0.1,0,1092,1947.7,0.56,,,,,,,,
,,,3,,0.1,1.15,0.08,1261,2635.1,0.47,,,,,,,,
,14:35,Ohau Channel ,1,,13.91,0.03,463.66,1176.5,2048.9,0.57,15.8,103,1.51,0.75,,,"clear, light wave action ",
,,,2,,63.21,0.25,252.84,1131.1,1878.8,0.6,,,,,,,,
,,,3,,75.73,0.8,94.66,1124.2,2041.9,0.55,,,,,,,,
,14:15,Hamurana (East),1,,32.69,0.1,326.9,1010.9,1541.2,0.65,15.1,105.2,1.65,0.41,,,"clear, ripples",
,,,2,,11.56,0.03,385.33,1048,1409.5,0.74,,,,,,,,
,,,3,,40.52,0,0,1034.3,1488,0.69,,,,,,,,
,13:44,Hamurana (bridge),1,,39.73,0,0,927.18,1859.6,0.49,15.4,102.6,0.91,0.49,,,"Hazy, flat",
,,,2,,0.1,0,0,949.15,1174,0.8,,,,,,,,
,,,3,,45.21,0.53,85.3,1026.1,1338.9,0.76,,,,,,,,
,13:35,Hamurana (West),1,,40.52,0,0,1065.9,1560.4,0.68,15.3,99.9,0.76,0.51,,,"Hazy, flat",
,,,2,,82,0,0,989.71,1750.6,0.56,,,,,,,,
,,,3,,99.21,0,0,886.01,1322.3,0.67,,,,,,,,
,13:21,Awahou (Tarimano),1,,67.91,0,0,901.76,1202.8,0.74,15,103.1,1.12,0.51,,,"clear, light wave action ",
,,,2,,72.6,0,0,1047.3,1181,0.86,,,,,,,,
,,,3,,71.04,0,0,982.18,1358.9,0.72,,,,,,,,
,13:05,Ngongotaha ,1,,55.39,0.1,553.9,1109.2,1540.3,0.72,15.1,103.3,1.25,1,,,"flat, clear ",
,,,2,,8.5,0,0,1182,2144.9,0.55,,,,,,,,
,,,3,,31.91,0,0,1122.2,1577,,,,,,,,,
,12:32,Te Koutu ,1,,55.39,0,0,1087.9,1255.1,0.86,14.9,101.2,1.13,0.56,,,"flat, clear ",
,,,2,,64.78,0,0,1080.3,1188.8,0.9,,,,,,,,
,,,3,,56.17,0,0,1065.9,1264.7,0.84,,,,,,,,
,11:43,Lake Front ,1,,10,0,0,500.83,512.06,0.97,15.2,83.5,1.02,0.04,,,"flat, clear ",
,,,2,,0.1,0,0,476.68,535.6,0.89,,,,,,,,
,,,3,,30.34,0,0,526.08,527.75,0.99,,,,,,,,
,,,,,,,,,,,,,,,,,,
16/05/2025 ,10:50,Hannah's Bay ,1,B ,0.1,0.92,0.1,1445.7,2756.3,0.52,14.8,99.6,1.95,0.85,Takirau ,Overcast ,,
,,,2,,0.1,2.09,0.04,1434,2348.1,0.61,,,,,,,,
,,,3,,0.1,1.46,0.06,1683.8,3570.9,0.46,,,,,,,,
,11:12,Te P?hue ,1,,0.1,1.03,0.09,1445,1939.9,0.74,14.2,95.6,5.18,0.98,,,,
,,,2,,36.6,1.23,29.75,1535.6,2541.7,0.6,,,,,,,,
,,,3,,0.1,1.66,0.06,1459.4,1693.9,0.86,,,,,,,,
,11:29,Ohau Channel ,1,,54.6,1.38,3956,1521.3,2275.7,0.66,14.1,98.8,4.21,1.11,,,,
,,,2,,0.1,0,0,1467.7,2633.3,0.55,,,,,,,,
,,,3,,7,0,0,1752.7,2384.7,0.73,,,,,,,,
,11:47,Hamurana (East),1,,28.78,0,0,1172.3,1958.2,0.59,13.6,101.1,1.58,0.32,,,,
,,,2,,0.1,0.45,0.22,1004.1,1672,0.6,,,,,,,,
,,,3,,46.78,0.88,53.15,937.48,1822.9,0.51,,,,,,,,
,12:04,Hamurana (bridge),1,,0.1,1.54,0.06,1332.4,2157.9,0.61,13.9,99.4,1.01,0.52,,,,
,,,2,,56.95,15.44,3.68,1287.8,2164,0.59,,,,,,,,
,,,3,,0.1,0.13,0.76,1007.5,2048.9,0.49,,,,,,,,
,12:26,Hamurana (West),1,,0.1,0,0,982.8,1779.3,0.55,14.1,101.1,0.96,0.58,,,,
,,,2,,0.1,0,0,1124.2,1762.8,0.63,,,,,,,,
,,,3,,0.1,0,0,782.31,1529.9,0.51,,,,,,,,
,12:43,Awahou (Tarimano),1,,40.52,0,0,1393.5,2281.8,0.61,14.6,102.6,0.83,0.85,,,,
,,,2,,0.1,0.88,0.11,1497.2,2127.4,0.7,,,,,,,,
,,,3,,66.34,0,0,1383.2,2325.4,0.59,,,,,,,,
,13:09,Ngongotaha ,1,,28.78,0,0,1236.9,2039.2,0.6,15.2,101.4,1,0.88,,,,
,,,2,,0.1,0,1.66,1262.3,1669.4,0.75,,,,,,,,
,,,3,,23.3,0,0,1494.5,2164,0.69,,,,,,,,
,13:46,Te Koutu ,1,,80.43,0,0,1171.6,2182.3,0.53,14.9,107.4,0.73,0.43,,,,
,,,2,,96.86,0,0,1138,1792.4,0.63,,,,,,,,
,,,3,,125.77,0,0,1242.4,1529,0.81,,,,,,,,
,14:12,Lake Front ,1,,0.1,0,0,1194.4,1603.2,0.74,16.4,99.9,5.44,0.57,,,,
,,,2,,2.6,0,0,1258.9,1883.2,0.6,,,,,,,,
,,,3,,0.1,0.33,0.3,1283.6,1791.6,0.71,,,,,,,,
,,,,,,,,,,,,,,,,,,
19/05/2025 ,,Hannah's Bay ,1,B ,0.1,1.15,0.08,1570.7,3456.7,0.54,,,,,,,,
,,,2,,0.1,1,0.1,1525.3,3068.5,0.49,,,,,,,,
,,,3,,0.1,1.42,0.07,1456,2671.7,0.54,,,,,,,,
,,Te P?hue ,1,,0.1,1.11,0.09,,,,,,,,,,,
,,,2,,0.1,0.92,0.1,,,,,,,,,,,
,,,3,,123.37,1.85,66.68,,,,,,,,,,,
,,Ohau Channel ,1,,,,,,,,,,,,,,,
,,,2,,,,,,,,,,,,,,,
,,,3,,,,,,,,,,,,,,,
,,Hamurana (East),1,,,,,,,,,,,,,,,
,,,2,,,,,,,,,,,,,,,
,,,3,,,,,,,,,,,,,,,
,,Hamurana (bridge),1,,,,,,,,,,,,,,,
,,,2,,,,,,,,,,,,,,,
,,,3,,,,,,,,,,,,,,,
,,Hamurana (West),1,,,,,,,,,,,,,,,
,,,2,,,,,,,,,,,,,,,
,,,3,,,,,,,,,,,,,,,
,,Awahou (Tarimano),1,,,,,,,,,,,,,,,
,,,2,,,,,,,,,,,,,,,
,,,3,,,,,,,,,,,,,,,
,,Ngongotaha ,1,,,,,,,,,,,,,,,
,,,2,,,,,,,,,,,,,,,
,,,3,,,,,,,,,,,,,,,
,,Te Koutu ,1,,,,,,,,,,,,,,,
,,,2,,,,,,,,,,,,,,,
,,,3,,,,,,,,,,,,,,,
,,Lake Front ,1,,,,,,,,,,,,,,,
,,,2,,,,,,,,,,,,,,,
,,,3,,,,,,,,,,,,,,,
,,,,,,,,,,,,,,,,,,
21/05/2025 ,,Hannah's Bay ,1,B ,,,,,,,,,,,,,,
,,,2,,,,,,,,,,,,,,,
,,,3,,,,,,,,,,,,,,,
,,Te P?hue ,1,,,,,,,,,,,,,,,
,,,2,,,,,,,,,,,,,,,
,,,3,,,,,,,,,,,,,,,
,,Ohau Channel ,1,,,,,,,,,,,,,,,
,,,2,,,,,,,,,,,,,,,
,,,3,,,,,,,,,,,,,,,
,,Hamurana (East),1,,,,,,,,,,,,,,,
,,,2,,,,,,,,,,,,,,,
,,,3,,,,,,,,,,,,,,,
,,Hamurana (bridge),1,,,,,,,,,,,,,,,
,,,2,,,,,,,,,,,,,,,
,,,3,,,,,,,,,,,,,,,
,,Hamurana (West),1,,,,,,,,,,,,,,,
,,,2,,,,,,,,,,,,,,,
,,,3,,,,,,,,,,,,,,,
,,Awahou (Tarimano),1,,,,,,,,,,,,,,,
,,,2,,,,,,,,,,,,,,,
,,,3,,,,,,,,,,,,,,,
,,Ngongotaha ,1,,,,,,,,,,,,,,,
,,,2,,,,,,,,,,,,,,,
,,,3,,,,,,,,,,,,,,,
,,Te Koutu ,1,,,,,,,,,,,,,,,
,,,2,,,,,,,,,,,,,,,
,,,3,,,,,,,,,,,,,,,
,,Lake Front ,1,,,,,,,,,,,,,,,
,,,2,,,,,,,,,,,,,,,
,,,3,,,,,,,,,,,,,,,
,,,,,,,,,,,,,,,,,,
23/05/2025 ,,Hannah's Bay ,1,B ,,,,,,,,,,,,,,
,,,2,,,,,,,,,,,,,,,
,,,3,,,,,,,,,,,,,,,
,,Te P?hue ,1,,,,,,,,,,,,,,,
,,,2,,,,,,,,,,,,,,,
,,,3,,,,,,,,,,,,,,,
,,Ohau Channel ,1,,,,,,,,,,,,,,,
,,,2,,,,,,,,,,,,,,,
,,,3,,,,,,,,,,,,,,,
,,Hamurana (East),1,,,,,,,,,,,,,,,
,,,2,,,,,,,,,,,,,,,
,,,3,,,,,,,,,,,,,,,
,,Hamurana (bridge),1,,,,,,,,,,,,,,,
,,,2,,,,,,,,,,,,,,,
,,,3,,,,,,,,,,,,,,,
,,Hamurana (West),1,,,,,,,,,,,,,,,
,,,2,,,,,,,,,,,,,,,
,,,3,,,,,,,,,,,,,,,
,,Awahou (Tarimano),1,,,,,,,,,,,,,,,
,,,2,,,,,,,,,,,,,,,
,,,3,,,,,,,,,,,,,,,
,,Ngongotaha ,1,,,,,,,,,,,,,,,
,,,2,,,,,,,,,,,,,,,
,,,3,,,,,,,,,,,,,,,
,,Te Koutu ,1,,,,,,,,,,,,,,,
,,,2,,,,,,,,,,,,,,,
,,,3,,,,,,,,,,,,,,,
,,Lake Front ,1,,,,,,,,,,,,,,,
,,,2,,,,,,,,,,,,,,,
,,,3,,,,,,,,,,,,,,,
,,,,,,,,,,,,,,,,,,
