"Site","horizon","mean","lower","upper","last_obs","start_date","date","observed","rmse"
"Hamurana",1,0.530781475597735,0.284187856676865,0.991347688575053,0.530781475597735,"2024-11-25","2024-12-02",0.191665264744755,0.33911621085298
"Hamurana",2,0.530781475597735,0.219394196491981,1.2841222755316,0.530781475597735,"2024-11-25","2024-12-09",1.49285823180701,0.962076756209275
"Hamurana",3,0.530781475597735,0.179884041207793,1.56616992227937,0.530781475597735,"2024-11-25","2024-12-16",1.63434741144242,1.10356593584469
"Hamurana",4,0.530781475597735,0.152158169784731,1.85155338840031,0.530781475597735,"2024-11-25","2024-12-23",0.431283401631269,0.0994980739664656
"Holdens Bay",1,1.31144349738779,0.458003901891159,3.75517335057427,1.31144349738779,"2024-11-25","2024-12-02",1.54936601241327,0.237922515025482
"Holdens Bay",2,1.31144349738779,0.296225961172191,5.8059868893158,1.31144349738779,"2024-11-25","2024-12-09",2.13869898394548,0.827255486557692
"Holdens Bay",3,1.31144349738779,0.212035953549328,8.11128498752734,1.31144349738779,"2024-11-25","2024-12-16",2.40361328503761,1.09216978764982
"Holdens Bay",4,1.31144349738779,0.159951667430091,10.7525233995601,1.31144349738779,"2024-11-25","2024-12-23",1.69186561893699,0.380422121549203
"Ngongotaha",1,0.894278128393347,0.345826139456189,2.31253014066631,0.894278128393347,"2024-11-25","2024-12-02",2.26709703080968,1.37281890241633
"Ngongotaha",2,0.894278128393347,0.233317424301071,3.42766243592137,0.894278128393347,"2024-11-25","2024-12-09",0.30606379879763,0.588214329595717
"Ngongotaha",3,0.894278128393347,0.172505451588933,4.63598897053069,0.894278128393347,"2024-11-25","2024-12-16",0.282856213415489,0.611421914977858
"Ngongotaha",4,0.894278128393347,0.133734366226798,5.98001391479625,0.894278128393347,"2024-11-25","2024-12-23",0.991248228221346,0.096970099827999
"Ohau Channel",1,1.87436940576111,0.5372604114045,6.53921374937886,1.87436940576111,"2024-11-25","2024-12-02",1.79794392785564,0.0764254779054685
"Ohau Channel",2,1.87436940576111,0.320186799325891,10.9725343975765,1.87436940576111,"2024-11-25","2024-12-09",2.68678829998229,0.812418894221182
"Ohau Channel",3,1.87436940576111,0.21523979752066,16.3225421586639,1.87436940576111,"2024-11-25","2024-12-16",2.03879717825556,0.164427772494451
"Ohau Channel",4,1.87436940576111,0.153997791884212,22.8137080815731,1.87436940576111,"2024-11-25","2024-12-23",1.19252566027078,0.681843745490328
"Hamurana",1,0.445599489839009,0.238765489023753,0.831606385649108,0.445599489839009,"2024-12-02","2024-12-09",1.49285823180701,1.047258741968
"Hamurana",2,0.445599489839009,0.184387216679608,1.07685830352222,0.445599489839009,"2024-12-02","2024-12-16",1.63434741144242,1.18874792160341
"Hamurana",3,0.445599489839009,0.151218684393913,1.31305801356898,0.445599489839009,"2024-12-02","2024-12-23",0.431283401631269,0.0143160882077403
"Hamurana",4,0.445599489839009,0.127937666107627,1.55199724510957,0.445599489839009,"2024-12-02","2025-01-06",1.23041859432656,0.784819104487551
"Holdens Bay",1,1.73215450522789,0.605722733283147,4.95335417529846,1.73215450522789,"2024-12-02","2024-12-09",2.13869898394548,0.40654447871759
"Holdens Bay",2,1.73215450522789,0.391979127493783,7.6543851943465,1.73215450522789,"2024-12-02","2024-12-16",2.40361328503761,0.67145877980972
"Holdens Bay",3,1.73215450522789,0.280691817807492,10.6891581429674,1.73215450522789,"2024-12-02","2024-12-23",1.69186561893699,0.0402888862908994
"Holdens Bay",4,1.73215450522789,0.211817149399,14.1648551049542,1.73215450522789,"2024-12-02","2025-01-06",1.34037373860754,0.391780766620349
"Ngongotaha",1,3.55053050662949,1.35724393600238,9.28813645367026,3.55053050662949,"2024-12-02","2024-12-09",0.30606379879763,3.24446670783186
"Ngongotaha",2,3.55053050662949,0.911313258132296,13.8330774473124,3.55053050662949,"2024-12-02","2024-12-16",0.282856213415489,3.267674293214
"Ngongotaha",3,3.55053050662949,0.671316965960361,18.7784124604576,3.55053050662949,"2024-12-02","2024-12-23",0.991248228221346,2.55928227840814
"Ngongotaha",4,3.55053050662949,0.518827003000167,24.2976306275689,3.55053050662949,"2024-12-02","2025-01-06",2.11800218514978,1.43252832147971
"Ohau Channel",1,2.2209697567231,0.637812161914802,7.73379210184699,2.2209697567231,"2024-12-02","2024-12-09",2.68678829998229,0.465818543259194
"Ohau Channel",2,2.2209697567231,0.380409400211815,12.966836932873,2.2209697567231,"2024-12-02","2024-12-16",2.03879717825556,0.182172578467537
"Ohau Channel",3,2.2209697567231,0.255876956836715,19.2776509509076,2.2209697567231,"2024-12-02","2024-12-23",1.19252566027078,1.02844409645232
"Ohau Channel",4,2.2209697567231,0.183165192887024,26.9303713360055,2.2209697567231,"2024-12-02","2025-01-06",0.951506942690357,1.26946281403274
"Hamurana",1,1.63698843204616,0.86225980301402,3.10780012855288,1.63698843204616,"2024-12-09","2024-12-16",1.63434741144242,0.00264102060374349
"Hamurana",2,1.63698843204616,0.661177385266137,4.0529685170256,1.63698843204616,"2024-12-09","2024-12-23",0.431283401631269,1.20570503041489
"Hamurana",3,1.63698843204616,0.539299139573665,4.96891415174772,1.63698843204616,"2024-12-09","2025-01-06",1.23041859432656,0.406569837719603
"Hamurana",4,1.63698843204616,0.454182786719173,5.90011599957413,1.63698843204616,"2024-12-09","2025-01-13",0.280437490329096,1.35655094171707
"Holdens Bay",1,3.12270303444799,1.09163515979111,8.93272276354367,3.12270303444799,"2024-12-09","2024-12-16",2.40361328503761,0.719089749410384
"Holdens Bay",2,3.12270303444799,0.706331250727664,13.8055257095094,3.12270303444799,"2024-12-09","2024-12-23",1.69186561893699,1.430837415511
"Holdens Bay",3,3.12270303444799,0.505743841854638,19.2810538346672,3.12270303444799,"2024-12-09","2025-01-06",1.34037373860754,1.78232929584045
"Holdens Bay",4,3.12270303444799,0.381614040447116,25.5527134953569,3.12270303444799,"2024-12-09","2025-01-13",1.27332159374252,1.84938144070547
"Ngongotaha",1,0.499605645276255,0.186303218739943,1.33978254632478,0.499605645276255,"2024-12-09","2024-12-16",0.282856213415489,0.216749431860766
"Ngongotaha",2,0.499605645276255,0.123813607432136,2.01598035925668,0.499605645276255,"2024-12-09","2024-12-23",0.991248228221346,0.491642582945091
"Ngongotaha",3,0.499605645276255,0.0904908532840582,2.75835393007479,0.499605645276255,"2024-12-09","2025-01-06",2.11800218514978,1.61839653987352
"Ngongotaha",4,0.499605645276255,0.0694725722998402,3.59286827202276,0.499605645276255,"2024-12-09","2025-01-13",0.535100131725972,0.0354944864497169
"Ohau Channel",1,5.40210287997293,1.54849952058674,18.8458021057406,5.40210287997293,"2024-12-09","2024-12-16",2.03879717825556,3.36330570171737
"Ohau Channel",2,5.40210287997293,0.922863246097774,31.6219284376182,5.40210287997293,"2024-12-09","2024-12-23",1.19252566027078,4.20957721970215
"Ohau Channel",3,5.40210287997293,0.620386594232342,47.0395650020809,5.40210287997293,"2024-12-09","2025-01-06",0.951506942690357,4.45059593728258
"Ohau Channel",4,5.40210287997293,0.443873583775466,65.7455559251618,5.40210287997293,"2024-12-09","2025-01-13",0.311630452462459,5.09047242751048
"Hamurana",1,1.88579109412872,0.994248039160526,3.57678155814902,1.88579109412872,"2024-12-16","2024-12-23",0.431283401631269,1.45450769249745
"Hamurana",2,1.88579109412872,0.762682628135847,4.66276262170452,1.88579109412872,"2024-12-16","2025-01-06",1.23041859432656,0.65537249980216
"Hamurana",3,1.88579109412872,0.622279465259735,5.71480861771785,1.88579109412872,"2024-12-16","2025-01-13",0.280437490329096,1.60535360379962
"Hamurana",4,1.88579109412872,0.524198659359601,6.78408459693452,1.88579109412872,"2024-12-16","2025-01-20",0.0214252043234582,1.86436588980526
"Holdens Bay",1,4.06987906412004,1.42466920129478,11.6264993877237,4.06987906412004,"2024-12-16","2024-12-23",1.69186561893699,2.37801344518305
"Holdens Bay",2,4.06987906412004,0.922332575534503,17.9587233888639,4.06987906412004,"2024-12-16","2025-01-06",1.34037373860754,2.7295053255125
"Holdens Bay",3,4.06987906412004,0.660687191204865,25.0707381905736,4.06987906412004,"2024-12-16","2025-01-13",1.27332159374252,2.79655747037752
"Holdens Bay",4,4.06987906412004,0.498708266545694,33.2136375265898,4.06987906412004,"2024-12-16","2025-01-20",0.109022085920101,3.96085697819993
"Ngongotaha",1,0.488144511626624,0.182339828797333,1.306818514654,0.488144511626624,"2024-12-16","2024-12-23",0.991248228221346,0.503103716594722
"Ngongotaha",2,0.488144511626624,0.121265182797403,1.96499158896495,0.488144511626624,"2024-12-16","2025-01-06",2.11800218514978,1.62985767352316
"Ngongotaha",3,0.488144511626624,0.0886763209468667,2.68713295372247,0.488144511626624,"2024-12-16","2025-01-13",0.535100131725972,0.0469556200993481
"Ngongotaha",4,0.488144511626624,0.0681105950675353,3.49850216394267,0.488144511626624,"2024-12-16","2025-01-20",0.046632157346776,0.441512354279848
"Ohau Channel",1,2.82581601641414,0.809919895825882,9.85929127037937,2.82581601641414,"2024-12-16","2024-12-23",1.19252566027078,1.63329035614336
"Ohau Channel",2,2.82581601641414,0.482667009524614,16.5439858143349,2.82581601641414,"2024-12-16","2025-01-06",0.951506942690357,1.87430907372379
"Ohau Channel",3,2.82581601641414,0.32445671431397,24.6110985112657,2.82581601641414,"2024-12-16","2025-01-13",0.311630452462459,2.51418556395168
"Ohau Channel",4,2.82581601641414,0.232134800653798,34.3991341932902,2.82581601641414,"2024-12-16","2025-01-20",0.05162844481837,2.77418757159577
"Hamurana",1,0.566251700913456,0.294350433997862,1.08931719390538,0.566251700913456,"2024-12-23","2025-01-06",1.23041859432656,0.664166893413104
"Hamurana",2,0.566251700913456,0.224475028028614,1.42840382559841,0.566251700913456,"2024-12-23","2025-01-13",0.280437490329096,0.28581421058436
"Hamurana",3,0.566251700913456,0.182329197957413,1.75858278531053,0.566251700913456,"2024-12-23","2025-01-20",0.0214252043234582,0.544826496589998
"Hamurana",4,0.566251700913456,0.153010009250236,2.09555564605581,0.566251700913456,"2024-12-23","2025-01-27",0.00558176890306577,0.560669932010391
"Holdens Bay",1,1.99743851845289,0.698234125161717,5.71407281773177,1.99743851845289,"2024-12-23","2025-01-06",1.34037373860754,0.657064779845354
"Holdens Bay",2,1.99743851845289,0.45177691166819,8.8312628024019,1.99743851845289,"2024-12-23","2025-01-13",1.27332159374252,0.724116924710374
"Holdens Bay",3,1.99743851845289,0.323474550490422,12.3340789219751,1.99743851845289,"2024-12-23","2025-01-20",0.109022085920101,1.88841643253279
"Holdens Bay",4,1.99743851845289,0.244078047477508,16.3462493912606,1.99743851845289,"2024-12-23","2025-01-27",0.0390759045921046,1.95836261386079
"Ngongotaha",1,0.991286413498507,0.369669389475362,2.65818263984831,0.991286413498507,"2024-12-23","2025-01-06",2.11800218514978,1.12671577165127
"Ngongotaha",2,0.991286413498507,0.245680302671288,3.99970507567097,0.991286413498507,"2024-12-23","2025-01-13",0.535100131725972,0.456186281772535
"Ngongotaha",3,0.991286413498507,0.179561580451274,5.47248888719479,0.991286413498507,"2024-12-23","2025-01-20",0.046632157346776,0.944654256151731
"Ngongotaha",4,0.991286413498507,0.137856683652906,7.12804579037195,0.991286413498507,"2024-12-23","2025-01-27",0.0525431824918787,0.938743231006628
"Ohau Channel",1,1.21230761144991,0.346920708722453,4.23638516764125,1.21230761144991,"2024-12-23","2025-01-06",0.951506942690357,0.260800668759554
"Ohau Channel",2,1.21230761144991,0.206611161695475,7.11331243055286,1.21230761144991,"2024-12-23","2025-01-13",0.311630452462459,0.900677158987451
"Ohau Channel",3,1.21230761144991,0.138818244725754,10.5871511895491,1.21230761144991,"2024-12-23","2025-01-20",0.05162844481837,1.16067916663154
"Ohau Channel",4,1.21230761144991,0.0992767652399265,14.8039648675853,1.21230761144991,"2024-12-23","2025-01-27",0.0501082115441882,1.16219939990572
"Hamurana",1,1.25912696303514,0.651011216098614,2.43528939262076,1.25912696303514,"2025-01-06","2025-01-13",0.280437490329096,0.978689472706046
"Hamurana",2,1.25912696303514,0.49536364855351,3.2004785043706,1.25912696303514,"2025-01-06","2025-01-20",0.0214252043234582,1.23770175871168
"Hamurana",3,1.25912696303514,0.401670359265257,3.94701942145332,1.25912696303514,"2025-01-06","2025-01-27",0.00558176890306577,1.25354519413208
"Hamurana",4,1.25912696303514,0.336594812062942,4.71011629479789,1.25912696303514,"2025-01-06","2025-02-03",0.00172291492931216,1.25740404810583
"Holdens Bay",1,1.40547277185391,0.491781646921688,4.01672922279115,1.40547277185391,"2025-01-06","2025-01-13",1.27332159374252,0.132151178111387
"Holdens Bay",2,1.40547277185391,0.318324578307469,6.20547028735781,1.40547277185391,"2025-01-06","2025-01-20",0.109022085920101,1.29645068593381
"Holdens Bay",3,1.40547277185391,0.227992446470109,8.6641191101113,1.40547277185391,"2025-01-06","2025-01-27",0.0390759045921046,1.3663968672618
"Holdens Bay",4,1.40547277185391,0.172076751035165,11.4794921483555,1.40547277185391,"2025-01-06","2025-02-03",0.0362852444546829,1.36918752739922
"Ngongotaha",1,3.05873730430224,1.13304667871969,8.25727136617355,3.05873730430224,"2025-01-06","2025-01-13",0.535100131725972,2.52363717257627
"Ngongotaha",2,3.05873730430224,0.75093063378053,12.4590387924759,3.05873730430224,"2025-01-06","2025-01-20",0.046632157346776,3.01210514695547
"Ngongotaha",3,3.05873730430224,0.547669309701835,17.0830713552741,3.05873730430224,"2025-01-06","2025-01-27",0.0525431824918787,3.00619412181036
"Ngongotaha",4,3.05873730430224,0.41971396966716,22.2910709980645,3.05873730430224,"2025-01-06","2025-02-03",0.0947919395665765,2.96394536473567
"Ohau Channel",1,0.952663953333718,0.273085362660946,3.3233879660853,0.952663953333718,"2025-01-06","2025-01-13",0.311630452462459,0.641033500871259
"Ohau Channel",2,0.952663953333718,0.162753011193582,5.57635524728908,0.952663953333718,"2025-01-06","2025-01-20",0.05162844481837,0.901035508515348
"Ohau Channel",3,0.952663953333718,0.109410099581033,8.29510814318609,0.952663953333718,"2025-01-06","2025-01-27",0.0501082115441882,0.902555741789529
"Ohau Channel",4,0.952663953333718,0.0782811347471404,11.5937078698847,0.952663953333718,"2025-01-06","2025-02-03",0.0345705164924255,0.918093436841292
"Hamurana",1,0.486965251953066,0.249755098071503,0.949470735295352,0.486965251953066,"2025-01-13","2025-01-20",0.0214252043234582,0.465540047629608
"Hamurana",2,0.486965251953066,0.189408392169188,1.25197808763348,0.486965251953066,"2025-01-13","2025-01-27",0.00558176890306577,0.48138348305
"Hamurana",3,0.486965251953066,0.153190426575337,1.54797634493885,0.486965251953066,"2025-01-13","2025-02-03",0.00172291492931216,0.485242337023754
"Hamurana",4,0.486965251953066,0.128094579156375,1.85125052263315,0.486965251953066,"2025-01-13","2025-02-10",0.0106914635013936,0.476273788451672
"Holdens Bay",1,1.3143228548725,0.460671988518418,3.74983634754066,1.3143228548725,"2025-01-13","2025-01-20",0.109022085920101,1.2053007689524
"Holdens Bay",2,1.3143228548725,0.298398147735605,5.78905928186524,1.3143228548725,"2025-01-13","2025-01-27",0.0390759045921046,1.27524695028039
"Holdens Bay",3,1.3143228548725,0.213836366353398,8.07834792696266,1.3143228548725,"2025-01-13","2025-02-03",0.0362852444546829,1.27803761041782
"Holdens Bay",4,1.3143228548725,0.161466172652153,10.6984920647227,1.3143228548725,"2025-01-13","2025-02-10",0.00986764865144548,1.30445520622105
"Ngongotaha",1,0.628198004590927,0.229266285576208,1.7212854998728,0.628198004590927,"2025-01-13","2025-01-20",0.046632157346776,0.581565847244151
"Ngongotaha",2,0.628198004590927,0.151013430905085,2.61322937043962,0.628198004590927,"2025-01-13","2025-01-27",0.0525431824918787,0.575654822099048
"Ngongotaha",3,0.628198004590927,0.109617602634122,3.6000854195764,0.628198004590927,"2025-01-13","2025-02-03",0.0947919395665765,0.533406065024351
"Ngongotaha",4,0.628198004590927,0.083672710383949,4.71638520087579,0.628198004590927,"2025-01-13","2025-02-10",0.0207819506836384,0.607416053907289
"Ohau Channel",1,0.502394532054157,0.14400970578533,1.75266149223414,0.502394532054157,"2025-01-13","2025-01-20",0.05162844481837,0.450766087235787
"Ohau Channel",2,0.502394532054157,0.0858257233693423,2.94084635618783,0.502394532054157,"2025-01-13","2025-01-27",0.0501082115441882,0.452286320509969
"Ohau Channel",3,0.502394532054157,0.0576955201564429,4.37469434634657,0.502394532054157,"2025-01-13","2025-02-03",0.0345705164924255,0.467824015561731
"Ohau Channel",4,0.502394532054157,0.0412798986397839,6.11436253854224,0.502394532054157,"2025-01-13","2025-02-10",0.0152039667052707,0.487190565348886
"Hamurana",1,0.375846375200603,0.192858850090191,0.732455356263772,0.375846375200603,"2025-01-20","2025-01-27",0.00558176890306577,0.370264606297537
"Hamurana",2,0.375846375200603,0.146289306293439,0.965624223195648,0.375846375200603,"2025-01-20","2025-02-03",0.00172291492931216,0.374123460271291
"Hamurana",3,0.375846375200603,0.118334840530541,1.19373548076042,0.375846375200603,"2025-01-20","2025-02-10",0.0106914635013936,0.36515491169921
"Hamurana",4,0.375846375200603,0.0989620720387654,1.42742057478443,0.375846375200603,"2025-01-20","2025-02-17",0.000836216273696321,0.375010158926907
"Holdens Bay",1,0.410254363004068,0.142869496772595,1.1780586210909,0.410254363004068,"2025-01-20","2025-01-27",0.0390759045921046,0.371178458411964
"Holdens Bay",2,0.410254363004068,0.0922959427235422,1.82357574338902,0.410254363004068,"2025-01-20","2025-02-03",0.0362852444546829,0.373969118549386
"Holdens Bay",3,0.410254363004068,0.0660050274210236,2.54993670846147,0.410254363004068,"2025-01-20","2025-02-10",0.00986764865144548,0.400386714352623
"Holdens Bay",4,0.410254363004068,0.049753750230932,3.3828332855849,0.410254363004068,"2025-01-20","2025-02-17",0.0180168022869421,0.392237560717126
"Ngongotaha",1,0.385440731358583,0.140692718854729,1.05595057512279,0.385440731358583,"2025-01-20","2025-01-27",0.0525431824918787,0.332897548866704
"Ngongotaha",2,0.385440731358583,0.0926778929756971,1.60302044662579,0.385440731358583,"2025-01-20","2025-02-03",0.0947919395665765,0.290648791792006
"Ngongotaha",3,0.385440731358583,0.0672764774543662,2.20826896727777,0.385440731358583,"2025-01-20","2025-02-10",0.0207819506836384,0.364658780674944
"Ngongotaha",4,0.385440731358583,0.0513553434505099,2.8928743808988,0.385440731358583,"2025-01-20","2025-02-17",0.0135339515123831,0.3719067798462
"Ohau Channel",1,0.387371322934871,0.111222406797316,1.34915747782518,0.387371322934871,"2025-01-20","2025-01-27",0.0501082115441882,0.337263111390683
"Ohau Channel",2,0.387371322934871,0.066330823343254,2.26224452327069,0.387371322934871,"2025-01-20","2025-02-03",0.0345705164924255,0.352800806442445
"Ohau Channel",3,0.387371322934871,0.0446136960392289,3.36346358078845,0.387371322934871,"2025-01-20","2025-02-10",0.0152039667052707,0.3721673562296
"Ohau Channel",4,0.387371322934871,0.0319342786659181,4.69891753003521,0.387371322934871,"2025-01-20","2025-02-17",0.007396345332789,0.379974977602082
"Hamurana",1,0.369938600726349,0.19004787728148,0.720105745273195,0.369938600726349,"2025-01-27","2025-02-03",0.00172291492931216,0.368215685797037
"Hamurana",2,0.369938600726349,0.144226433225588,0.948886866621126,0.369938600726349,"2025-01-27","2025-02-10",0.0106914635013936,0.359247137224955
"Hamurana",3,0.369938600726349,0.116709217089077,1.17261148451468,0.369938600726349,"2025-01-27","2025-02-17",0.000836216273696321,0.369102384452652
"Hamurana",4,0.369938600726349,0.0976329466248748,1.40172526834811,0.369938600726349,"2025-01-27","2025-02-24",0.000677658337714072,0.369260942388635
"Holdens Bay",1,0.382539219853254,0.133444647193218,1.09660640425728,0.382539219853254,"2025-01-27","2025-02-03",0.0362852444546829,0.346253975398571
"Holdens Bay",2,0.382539219853254,0.0862681149621577,1.69629595813155,0.382539219853254,"2025-01-27","2025-02-10",0.00986764865144548,0.372671571201808
"Holdens Bay",3,0.382539219853254,0.061727623744329,2.37067694897911,0.382539219853254,"2025-01-27","2025-02-17",0.0180168022869421,0.364522417566312
"Holdens Bay",4,0.382539219853254,0.0465507141237792,3.1435877511315,0.382539219853254,"2025-01-27","2025-02-24",0.187514212034091,0.195025007819163
"Ngongotaha",1,0.387725828192534,0.141769775919971,1.06039045961707,0.387725828192534,"2025-01-27","2025-02-03",0.0947919395665765,0.292933888625958
"Ngongotaha",2,0.387725828192534,0.0934537497766534,1.60861729151442,0.387725828192534,"2025-01-27","2025-02-10",0.0207819506836384,0.366943877508896
"Ngongotaha",3,0.387725828192534,0.0678766785987507,2.21477127271153,0.387725828192534,"2025-01-27","2025-02-17",0.0135339515123831,0.374191876680151
"Ngongotaha",4,0.387725828192534,0.0518373239618649,2.90005938497482,0.387725828192534,"2025-01-27","2025-02-24",0.00607111627862928,0.381654711913905
"Ohau Channel",1,0.38678287556225,0.111273109876334,1.34444874412574,0.38678287556225,"2025-01-27","2025-02-03",0.0345705164924255,0.352212359069824
"Ohau Channel",2,0.38678287556225,0.0664153994948998,2.252504599324,0.38678287556225,"2025-01-27","2025-02-10",0.0152039667052707,0.371578908856979
"Ohau Channel",3,0.38678287556225,0.0446986454450617,3.34687978435666,0.38678287556225,"2025-01-27","2025-02-17",0.007396345332789,0.379386530229461
"Ohau Channel",4,0.38678287556225,0.0320120299109726,4.67327417987089,0.38678287556225,"2025-01-27","2025-02-24",0.331462883279283,0.0553199922829669
"Hamurana",1,0.368513812479798,0.189535128836767,0.716502691727153,0.368513812479798,"2025-02-03","2025-02-10",0.0106914635013936,0.357822348978405
"Hamurana",2,0.368513812479798,0.143906273323472,0.94368665696137,0.368513812479798,"2025-02-03","2025-02-17",0.000836216273696321,0.367677596206102
"Hamurana",3,0.368513812479798,0.116492979878264,1.16575634111438,0.368513812479798,"2025-02-03","2025-02-24",0.000677658337714072,0.367836154142084
"Hamurana",4,0.368513812479798,0.0974822756884832,1.39309868413792,0.368513812479798,"2025-02-03","2025-03-03",0.00510231530805991,0.363411497171738
"Holdens Bay",1,0.381473171083159,0.133302141291984,1.09166873724475,0.381473171083159,"2025-02-03","2025-02-10",0.00986764865144548,0.371605522431714
"Holdens Bay",2,0.381473171083159,0.086237484851046,1.68745390137009,0.381473171083159,"2025-02-03","2025-02-17",0.0180168022869421,0.363456368796217
"Holdens Bay",3,0.381473171083159,0.0617394923240416,2.35702910371316,0.381473171083159,"2025-02-03","2025-02-24",0.187514212034091,0.193958959049068
"Holdens Bay",4,0.381473171083159,0.0465811549015968,3.12404835310884,0.381473171083159,"2025-02-03","2025-03-03",0.119732149248382,0.261741021834777
"Ngongotaha",1,0.404457724698595,0.148138620354343,1.10427686363672,0.404457724698595,"2025-02-03","2025-02-10",0.0207819506836384,0.383675774014957
"Ngongotaha",2,0.404457724698595,0.0977206473942692,1.67401726687658,0.404457724698595,"2025-02-03","2025-02-17",0.0135339515123831,0.390923773186212
"Ngongotaha",3,0.404457724698595,0.0710140352214716,2.30357351977237,0.404457724698595,"2025-02-03","2025-02-24",0.00607111627862928,0.398386608419966
"Ngongotaha",4,0.404457724698595,0.0542579594859803,3.01496872750316,0.404457724698595,"2025-02-03","2025-03-03",0.0191308836595576,0.385326841039037
"Ohau Channel",1,0.380819608870691,0.109773088005147,1.32112138900225,0.380819608870691,"2025-02-03","2025-02-10",0.0152039667052707,0.36561564216542
"Ohau Channel",2,0.380819608870691,0.0655734469733014,2.21162042250841,0.380819608870691,"2025-02-03","2025-02-17",0.007396345332789,0.373423263537902
"Ohau Channel",3,0.380819608870691,0.0441595754730748,3.28407990672035,0.380819608870691,"2025-02-03","2025-02-24",0.331462883279283,0.0493567255914078
"Ohau Channel",4,0.380819608870691,0.0316426217807431,4.5831718845966,0.380819608870691,"2025-02-03","2025-03-03",0.0721490970217546,0.308670511848936
"Hamurana",1,0.371833711591787,0.191462789503918,0.722126265027047,0.371833711591787,"2025-02-10","2025-02-17",0.000836216273696321,0.370997495318091
"Hamurana",2,0.371833711591787,0.145439162972658,0.950640159432965,0.371833711591787,"2025-02-10","2025-02-24",0.000677658337714072,0.371156053254073
"Hamurana",3,0.371833711591787,0.117776924688925,1.17391678753118,0.371833711591787,"2025-02-10","2025-03-03",0.00510231530805991,0.366731396283727
"Hamurana",4,0.371833711591787,0.0985870797128429,1.40241814118887,0.371833711591787,"2025-02-10","2025-03-10",0.000602382531207001,0.37123132906058
"Holdens Bay",1,0.371527515600186,0.130048878659186,1.06139088834271,0.371527515600186,"2025-02-10","2025-02-17",0.0180168022869421,0.353510713313244
"Holdens Bay",2,0.371527515600186,0.0841924450766937,1.63949027400627,0.371527515600186,"2025-02-10","2025-02-24",0.187514212034091,0.184013303566095
"Holdens Bay",3,0.371527515600186,0.0603081615438498,2.28878963169327,0.371527515600186,"2025-02-10","2025-03-03",0.119732149248382,0.251795366351804
"Holdens Bay",4,0.371527515600186,0.0455220949468302,3.03221314856596,0.371527515600186,"2025-02-10","2025-03-10",0.0298236691029677,0.341703846497218
"Ngongotaha",1,0.375604688393035,0.137799660074318,1.02379702436669,0.375604688393035,"2025-02-10","2025-02-17",0.0135339515123831,0.362070736880652
"Ngongotaha",2,0.375604688393035,0.0909630973944205,1.55094632860955,0.375604688393035,"2025-02-10","2025-02-24",0.00607111627862928,0.369533572114406
"Ngongotaha",3,0.375604688393035,0.0661382300038087,2.13309128373567,0.375604688393035,"2025-02-10","2025-03-03",0.0191308836595576,0.356473804733478
"Ngongotaha",4,0.375604688393035,0.0505551365661543,2.79059441879302,0.375604688393035,"2025-02-10","2025-03-10",0.00239689315516159,0.373207795237874
"Ohau Channel",1,0.373515403873913,0.107878370232993,1.29325050637838,0.373515403873913,"2025-02-10","2025-02-17",0.007396345332789,0.366119058541124
"Ohau Channel",2,0.373515403873913,0.0644938484408512,2.16321029530505,0.373515403873913,"2025-02-10","2025-02-24",0.331462883279283,0.0420525205946303
"Ohau Channel",3,0.373515403873913,0.0434595376629621,3.21019882938128,0.373515403873913,"2025-02-10","2025-03-03",0.0721490970217546,0.301366306852159
"Ohau Channel",4,0.373515403873913,0.0311573301754785,4.47771860250378,0.373515403873913,"2025-02-10","2025-03-10",0.0436506135627386,0.329864790311175
"Hamurana",1,0.368187196604025,0.18980223256722,0.714226644805775,0.368187196604025,"2025-02-17","2025-02-24",0.000677658337714072,0.367509538266311
"Hamurana",2,0.368187196604025,0.144246130216936,0.939795137236996,0.368187196604025,"2025-02-17","2025-03-03",0.00510231530805991,0.363084881295965
"Hamurana",3,0.368187196604025,0.116853300677959,1.1601025470109,0.368187196604025,"2025-02-17","2025-03-10",0.000602382531207001,0.367584814072818
"Hamurana",4,0.368187196604025,0.0978439441126057,1.38549005738278,0.368187196604025,"2025-02-17","2025-03-17",0.00457646499086172,0.363610731613164
"Holdens Bay",1,0.374567520313812,0.13133674298694,1.06825267692217,0.374567520313812,"2025-02-17","2025-02-24",0.187514212034091,0.187053308279721
"Holdens Bay",2,0.374567520313812,0.0850862682595427,1.64892444038175,0.374567520313812,"2025-02-17","2025-03-03",0.119732149248382,0.25483537106543
"Holdens Bay",3,0.374567520313812,0.0609814577122218,2.30071291401614,0.374567520313812,"2025-02-17","2025-03-10",0.0298236691029677,0.344743851210844
"Holdens Bay",4,0.374567520313812,0.046051350218423,3.04661701792862,0.374567520313812,"2025-02-17","2025-03-17",0.0392950675314049,0.335272452782407
"Ngongotaha",1,0.372892148042872,0.137035782722275,1.01468792537079,0.372892148042872,"2025-02-17","2025-02-24",0.00607111627862928,0.366821031764243
"Ngongotaha",2,0.372892148042872,0.0905221681779519,1.53607184704945,0.372892148042872,"2025-02-17","2025-03-03",0.0191308836595576,0.353761264383315
"Ngongotaha",3,0.372892148042872,0.0658529814903292,2.11149975179859,0.372892148042872,"2025-02-17","2025-03-10",0.00239689315516159,0.370495254887711
"Ngongotaha",4,0.372892148042872,0.0503598851433782,2.76109752188962,0.372892148042872,"2025-02-17","2025-03-17",0.0195453814662102,0.353346766576662
"Ohau Channel",1,0.370610492006351,0.107248078248715,1.28069555210734,0.370610492006351,"2025-02-17","2025-02-24",0.331462883279283,0.0391476087270679
"Ohau Channel",2,0.370610492006351,0.0641687882761672,2.14048200807624,0.370610492006351,"2025-02-17","2025-03-03",0.0721490970217546,0.298461394984596
"Ohau Channel",3,0.370610492006351,0.0432672727845392,3.17450414471859,0.370610492006351,"2025-02-17","2025-03-10",0.0436506135627386,0.326959878443612
"Ohau Channel",4,0.370610492006351,0.0310356844615329,4.42561970738651,0.370610492006351,"2025-02-17","2025-03-17",0.0346035695701134,0.336006922436237
"Hamurana",1,0.368128822230059,0.189988505625109,0.713300151030717,0.368128822230059,"2025-02-24","2025-03-03",0.00510231530805991,0.363026506921999
"Hamurana",2,0.368128822230059,0.144455859757618,0.938133143119824,0.368128822230059,"2025-02-24","2025-03-10",0.000602382531207001,0.367526439698852
"Hamurana",3,0.368128822230059,0.117065591841505,1.15763161168628,0.368128822230059,"2025-02-24","2025-03-17",0.00457646499086172,0.363552357239197
"Hamurana",4,0.368128822230059,0.0980516332597952,1.38211700561298,0.368128822230059,"2025-02-24","2025-03-24",0.0120252015718708,0.356103620658188
"Holdens Bay",1,0.443753616677794,0.155833616716591,1.26363795221893,0.443753616677794,"2025-02-24","2025-03-03",0.119732149248382,0.324021467429412
"Holdens Bay",2,0.443753616677794,0.101020393886019,1.94928236507179,0.443753616677794,"2025-02-24","2025-03-10",0.0298236691029677,0.413929947574826
"Holdens Bay",3,0.443753616677794,0.0724366148197594,2.71847701338062,0.443753616677794,"2025-02-24","2025-03-17",0.0392950675314049,0.404458549146389
"Holdens Bay",4,0.443753616677794,0.054724322656295,3.59835010752701,0.443753616677794,"2025-02-24","2025-03-24",0.0221644399412051,0.421589176736589
"Ngongotaha",1,0.370119673509866,0.136245703981915,1.00545241952901,0.370119673509866,"2025-02-24","2025-03-03",0.0191308836595576,0.350988789850309
"Ngongotaha",2,0.370119673509866,0.0900629389524647,1.5210315620652,0.370119673509866,"2025-02-24","2025-03-10",0.00239689315516159,0.367722780354705
"Ngongotaha",3,0.370119673509866,0.0655539098101014,2.08970865530191,0.370119673509866,"2025-02-24","2025-03-17",0.0195453814662102,0.350574292043656
"Ngongotaha",4,0.370119673509866,0.0501537561553937,2.73137214877012,0.370119673509866,"2025-02-24","2025-03-24",0.037954445428441,0.332165228081425
"Ohau Channel",1,0.512457695511155,0.148508576912396,1.76833483391008,0.512457695511155,"2025-02-24","2025-03-03",0.0721490970217546,0.4403085984894
"Ohau Channel",2,0.512457695511155,0.0889085189987658,2.9537427081903,0.512457695511155,"2025-02-24","2025-03-10",0.0436506135627386,0.468807081948416
"Ohau Channel",3,0.512457695511155,0.0599758844805545,4.37864138166646,0.512457695511155,"2025-02-24","2025-03-17",0.0346035695701134,0.477854125941041
"Ohau Channel",4,0.512457695511155,0.0430373035857062,6.10198288016873,0.512457695511155,"2025-02-24","2025-03-24",0.0141373283800586,0.498320367131096
"Hamurana",1,0.369761274847461,0.191047418240303,0.715651651491287,0.369761274847461,"2025-03-03","2025-03-10",0.000602382531207001,0.369158892316254
"Hamurana",2,0.369761274847461,0.145329206797167,0.940784054286084,0.369761274847461,"2025-03-03","2025-03-17",0.00457646499086172,0.365184809856599
"Hamurana",3,0.369761274847461,0.117815778633909,1.16048463085461,0.369761274847461,"2025-03-03","2025-03-24",0.0120252015718708,0.35773607327559
"Hamurana",4,0.369761274847461,0.0987099474690595,1.38510255432641,0.369761274847461,"2025-03-03","2025-03-31",0.00646882943431147,0.36329244541315
"Holdens Bay",1,0.414671826644699,0.145863102168775,1.17886375139539,0.414671826644699,"2025-03-03","2025-03-10",0.0298236691029677,0.384848157541731
"Holdens Bay",2,0.414671826644699,0.0946220339259849,1.81725879986215,0.414671826644699,"2025-03-03","2025-03-17",0.0392950675314049,0.375376759113294
"Holdens Bay",3,0.414671826644699,0.0678845184841241,2.53301824410915,0.414671826644699,"2025-03-03","2025-03-24",0.0221644399412051,0.392507386703494
"Holdens Bay",4,0.414671826644699,0.0513081507042637,3.35137247109087,0.414671826644699,"2025-03-03","2025-03-31",0.0158780804443102,0.398793746200389
"Ngongotaha",1,0.374985051549681,0.138267630704954,1.01696823883364,0.374985051549681,"2025-03-03","2025-03-10",0.00239689315516159,0.372588158394519
"Ngongotaha",2,0.374985051549681,0.091462802425633,1.53738771562404,0.374985051549681,"2025-03-03","2025-03-17",0.0195453814662102,0.355439670083471
"Ngongotaha",3,0.374985051549681,0.0666082022962678,2.1110581585775,0.374985051549681,"2025-03-03","2025-03-24",0.037954445428441,0.33703060612124
"Ngongotaha",4,0.374985051549681,0.0509831995215645,2.75804167265417,0.374985051549681,"2025-03-03","2025-03-31",0.0207090472558142,0.354276004293867
"Ohau Channel",1,0.395402556374984,0.114770314734118,1.36222665198806,0.395402556374984,"2025-03-03","2025-03-10",0.0436506135627386,0.351751942812245
"Ohau Channel",2,0.395402556374984,0.068755896016133,2.27388763214122,0.395402556374984,"2025-03-03","2025-03-17",0.0346035695701134,0.360798986804871
"Ohau Channel",3,0.395402556374984,0.0464049844341212,3.3691032007526,0.395402556374984,"2025-03-03","2025-03-24",0.0141373283800586,0.381265227994925
"Ohau Channel",4,0.395402556374984,0.0333134546850941,4.69309421870999,0.395402556374984,"2025-03-03","2025-03-31",0.0082916694008226,0.387110886974161
"Hamurana",1,0.368101112079032,0.190404230687671,0.711635598770306,0.368101112079032,"2025-03-10","2025-03-17",0.00457646499086172,0.363524647088171
"Hamurana",2,0.368101112079032,0.144907602588834,0.93506776934464,0.368101112079032,"2025-03-10","2025-03-24",0.0120252015718708,0.356075910507162
"Hamurana",3,0.368101112079032,0.117516101652055,1.15302011221414,0.368101112079032,"2025-03-10","2025-03-31",0.00646882943431147,0.361632282644721
"Hamurana",4,0.368101112079032,0.0984886213980797,1.37577749378937,0.368101112079032,"2025-03-10","2025-04-07",0.000881411442783059,0.367219700636249
"Holdens Bay",1,0.37901619994423,0.133538952416605,1.07574065260004,0.37901619994423,"2025-03-10","2025-03-17",0.0392950675314049,0.339721132412825
"Holdens Bay",2,0.37901619994423,0.0866859254523862,1.65716959322386,0.37901619994423,"2025-03-10","2025-03-24",0.0221644399412051,0.356851760003025
"Holdens Bay",3,0.37901619994423,0.0622232207709816,2.30867637580018,0.37901619994423,"2025-03-10","2025-03-31",0.0158780804443102,0.36313811949992
"Holdens Bay",4,0.37901619994423,0.0470498406536406,3.05321501251564,0.37901619994423,"2025-03-10","2025-04-07",0.00955195250114782,0.369464247443082
"Ngongotaha",1,0.368762266482223,0.136199343663108,0.998430723113245,0.368762266482223,"2025-03-10","2025-03-17",0.0195453814662102,0.349216885016013
"Ngongotaha",2,0.368762266482223,0.0901567087388806,1.50832490541507,0.368762266482223,"2025-03-10","2025-03-24",0.037954445428441,0.330807821053782
"Ngongotaha",3,0.368762266482223,0.0656917342797534,2.07005661628602,0.368762266482223,"2025-03-10","2025-03-31",0.0207090472558142,0.348053219226409
"Ngongotaha",4,0.368762266482223,0.0503041197550392,2.7032698284614,0.368762266482223,"2025-03-10","2025-04-07",0.00316101871201794,0.365601247770206
"Ohau Channel",1,0.384293234448092,0.111759884202413,1.32141591856971,0.384293234448092,"2025-03-10","2025-03-17",0.0346035695701134,0.349689664877979
"Ohau Channel",2,0.384293234448092,0.067005646197441,2.20401262316632,0.384293234448092,"2025-03-10","2025-03-24",0.0141373283800586,0.370155906068033
"Ohau Channel",3,0.384293234448092,0.045251280872671,3.26358253721315,0.384293234448092,"2025-03-10","2025-03-31",0.0082916694008226,0.376001565047269
"Ohau Channel",4,0.384293234448092,0.0325019297695284,4.54376989581192,0.384293234448092,"2025-03-10","2025-04-07",0.00241163766280233,0.38188159678529
"Hamurana",1,0.369566886877762,0.191377003993667,0.713668210006256,0.369566886877762,"2025-03-17","2025-03-24",0.0120252015718708,0.357541685305891
"Hamurana",2,0.369566886877762,0.145715633359031,0.937302887329873,0.369566886877762,"2025-03-17","2025-03-31",0.00646882943431147,0.363098057443451
"Hamurana",3,0.369566886877762,0.118213537795106,1.15536415222805,0.369566886877762,"2025-03-17","2025-04-07",0.000881411442783059,0.368685475434979
"Hamurana",4,0.369566886877762,0.0991029200884718,1.37816003559322,0.369566886877762,"2025-03-17","2025-04-14",0.00924362079639235,0.36032326608137
"Holdens Bay",1,0.382623067460883,0.13503543041831,1.08416295856324,0.382623067460883,"2025-03-17","2025-03-24",0.0221644399412051,0.360458627519678
"Holdens Bay",2,0.382623067460883,0.0877181047265217,1.66898740242516,0.382623067460883,"2025-03-17","2025-03-31",0.0158780804443102,0.366744987016573
"Holdens Bay",3,0.382623067460883,0.0629976009408252,2.32390455456696,0.382623067460883,"2025-03-17","2025-04-07",0.00955195250114782,0.373071114959735
"Holdens Bay",4,0.382623067460883,0.0476567384953141,3.07197715109209,0.382623067460883,"2025-03-17","2025-04-14",0.00182094108001253,0.380802126380871
"Ngongotaha",1,0.375140514248324,0.138784462426658,1.01402133185383,0.375140514248324,"2025-03-17","2025-03-24",0.037954445428441,0.337186068819883
"Ngongotaha",2,0.375140514248324,0.0919308821404578,1.53082840231512,0.375140514248324,"2025-03-17","2025-03-31",0.0207090472558142,0.35443146699251
"Ngongotaha",3,0.375140514248324,0.0670196909617334,2.09983668099649,0.375140514248324,"2025-03-17","2025-04-07",0.00316101871201794,0.371979495536306
"Ngongotaha",4,0.375140514248324,0.0513437666140919,2.74094431926371,0.375140514248324,"2025-03-17","2025-04-14",0.0452234605614184,0.329917053686905
"Ohau Channel",1,0.380832196338834,0.110965413392184,1.30701231432961,0.380832196338834,"2025-03-17","2025-03-24",0.0141373283800586,0.366694867958775
"Ohau Channel",2,0.380832196338834,0.0665820572489264,2.17826194865132,0.380832196338834,"2025-03-17","2025-03-31",0.0082916694008226,0.372540526938011
"Ohau Channel",3,0.380832196338834,0.0449925634234771,3.22349185582482,0.380832196338834,"2025-03-17","2025-04-07",0.00241163766280233,0.378420558676032
"Ohau Channel",4,0.380832196338834,0.0323326732552385,4.4856532778267,0.380832196338834,"2025-03-17","2025-04-14",0.0357673542829469,0.345064842055887
"Hamurana",1,0.372329971235449,0.1930230984662,0.718202166381997,0.372329971235449,"2025-03-24","2025-03-31",0.00646882943431147,0.365861141801138
"Hamurana",2,0.372329971235449,0.147036921661877,0.942821747853101,0.372329971235449,"2025-03-24","2025-04-07",0.000881411442783059,0.371448559792666
"Hamurana",3,0.372329971235449,0.119327759879862,1.16175488100808,0.372329971235449,"2025-03-24","2025-04-14",0.00924362079639235,0.363086350439057
"Hamurana",4,0.372329971235449,0.100066928315936,1.38536887074721,0.372329971235449,"2025-03-24","2025-04-21",0.000349608879693093,0.371980362355756
"Holdens Bay",1,0.376124316947515,0.132962872073657,1.06397748178052,0.376124316947515,"2025-03-24","2025-03-31",0.0158780804443102,0.360246236503205
"Holdens Bay",2,0.376124316947515,0.0864313145698972,1.63678526125884,0.376124316947515,"2025-03-24","2025-04-07",0.00955195250114782,0.366572364446367
"Holdens Bay",3,0.376124316947515,0.0621062765552455,2.27786158897149,0.376124316947515,"2025-03-24","2025-04-14",0.00182094108001253,0.374303375867502
"Holdens Bay",4,0.376124316947515,0.0470034096533638,3.00977105368589,0.376124316947515,"2025-03-24","2025-04-21",0.000468050447297995,0.375656266500217
"Ngongotaha",1,0.382110458203966,0.141595825799495,1.03116318185536,0.382110458203966,"2025-03-24","2025-03-31",0.0207090472558142,0.361401410948152
"Ngongotaha",2,0.382110458203966,0.0938570819329804,1.55564608724042,0.382110458203966,"2025-03-24","2025-04-07",0.00316101871201794,0.378949439491948
"Ngongotaha",3,0.382110458203966,0.0684597301418806,2.13276333351369,0.382110458203966,"2025-03-24","2025-04-14",0.0452234605614184,0.336886997642547
"Ngongotaha",4,0.382110458203966,0.0524701102871644,2.78269669093038,0.382110458203966,"2025-03-24","2025-04-21",0,0.382110458203966
"Ohau Channel",1,0.373117210431031,0.108924475922685,1.27810073484907,0.373117210431031,"2025-03-24","2025-03-31",0.0082916694008226,0.364825541030208
"Ohau Channel",2,0.373117210431031,0.0654089661401332,2.12840014045742,0.373117210431031,"2025-03-24","2025-04-07",0.00241163766280233,0.370705572768228
"Ohau Channel",3,0.373117210431031,0.0442265859625424,3.14780012270771,0.373117210431031,"2025-03-24","2025-04-14",0.0357673542829469,0.337349856148084
"Ohau Channel",4,0.373117210431031,0.0317984298856799,4.37809203851693,0.373117210431031,"2025-03-24","2025-04-21",0.00745519286098403,0.365662017570047
"Hamurana",1,0.370266904249058,0.192166823880609,0.713430016761677,0.370266904249058,"2025-03-31","2025-04-07",0.000881411442783059,0.369385492806275
"Hamurana",2,0.370266904249058,0.146451990233179,0.936126440916893,0.370266904249058,"2025-03-31","2025-04-14",0.00924362079639235,0.361023283452666
"Hamurana",3,0.370266904249058,0.118895011970376,1.15309783068394,0.370266904249058,"2025-03-31","2025-04-21",0.000349608879693093,0.369917295369365
"Hamurana",4,0.370266904249058,0.0997336996004417,1.37463646622384,0.370266904249058,"2025-03-31","2025-04-28",0.00188270260270295,0.368384201646355
"Holdens Bay",1,0.373767280626659,0.13234874921304,1.05555950394493,0.373767280626659,"2025-03-31","2025-04-07",0.00955195250114782,0.364215328125511
"Holdens Bay",2,0.373767280626659,0.086091174751159,1.62272126580741,0.373767280626659,"2025-03-31","2025-04-14",0.00182094108001253,0.371946339546647
"Holdens Bay",3,0.373767280626659,0.0618944516006203,2.25710021583983,0.373767280626659,"2025-03-31","2025-04-21",0.000468050447297995,0.373299230179361
"Holdens Bay",4,0.373767280626659,0.0468638972060057,2.98101499013071,0.373767280626659,"2025-03-31","2025-04-28",0.00441808188724311,0.369349198739416
"Ngongotaha",1,0.375577306521873,0.139402984462796,1.01187441372082,0.375577306521873,"2025-03-31","2025-04-07",0.00316101871201794,0.372416287809855
"Ngongotaha",2,0.375577306521873,0.0924662528015551,1.52551129628833,0.375577306521873,"2025-03-31","2025-04-14",0.0452234605614184,0.330353845960455
"Ngongotaha",3,0.375577306521873,0.0674803676359925,2.0903607688555,0.375577306521873,"2025-03-31","2025-04-21",0,0.375577306521873
"Ngongotaha",4,0.375577306521873,0.0517421892635115,2.72617597326325,0.375577306521873,"2025-03-31","2025-04-28",0.0257480671095559,0.349829239412317
"Ohau Channel",1,0.370942457085697,0.108495056396757,1.26824494164591,0.370942457085697,"2025-03-31","2025-04-07",0.00241163766280233,0.368530819422895
"Ohau Channel",2,0.370942457085697,0.0652022735625237,2.11032988499747,0.370942457085697,"2025-03-31","2025-04-14",0.0357673542829469,0.33517510280275
"Ohau Channel",3,0.370942457085697,0.0441133984613105,3.11919532995071,0.370942457085697,"2025-03-31","2025-04-21",0.00745519286098403,0.363487264224713
"Ohau Channel",4,0.370942457085697,0.0317331624829777,4.336104431526,0.370942457085697,"2025-03-31","2025-04-28",0.00372734481155085,0.367215112274146
"Hamurana",1,0.368203837262667,0.191307334299141,0.708671553401922,0.368203837262667,"2025-04-07","2025-04-14",0.00924362079639235,0.358960216466275
"Hamurana",2,0.368203837262667,0.145863698974041,0.929457203735667,0.368203837262667,"2025-04-07","2025-04-21",0.000349608879693093,0.367854228382974
"Hamurana",3,0.368203837262667,0.118459003701658,1.14448088822695,0.368203837262667,"2025-04-07","2025-04-28",0.00188270260270295,0.366321134659964
"Hamurana",4,0.368203837262667,0.09939737844322,1.36396017579476,0.368203837262667,"2025-04-07","2025-05-05",0.00945154509409208,0.358752292168575
"Holdens Bay",1,0.371410244305803,0.131731183511363,1.04717475314717,0.371410244305803,"2025-04-07","2025-04-14",0.00182094108001253,0.369589303225791
"Holdens Bay",2,0.371410244305803,0.0857480055604734,1.60873210605477,0.371410244305803,"2025-04-07","2025-04-21",0.000468050447297995,0.370942193858505
"Holdens Bay",3,0.371410244305803,0.0616800523257877,2.23646972357744,0.371410244305803,"2025-04-07","2025-04-28",0.00441808188724311,0.36699216241856
"Holdens Bay",4,0.371410244305803,0.0467222026730545,2.95246289094269,0.371410244305803,"2025-04-07","2025-05-05",0.00713527129832347,0.36427497300748
"Ngongotaha",1,0.36904415483978,0.137201457404724,0.992654092730636,0.36904415483978,"2025-04-07","2025-04-14",0.0452234605614184,0.323820694278362
"Ngongotaha",2,0.36904415483978,0.0910674205708278,1.49552482509903,0.36904415483978,"2025-04-07","2025-04-21",0,0.36904415483978
"Ngongotaha",3,0.36904415483978,0.0664939511022961,2.04821019000486,0.36904415483978,"2025-04-07","2025-04-28",0.0257480671095559,0.343296087730224
"Ngongotaha",4,0.36904415483978,0.0510080966386065,2.67003862516852,0.36904415483978,"2025-04-07","2025-05-05",0.0135767563274903,0.35546739851229
"Ohau Channel",1,0.368767703740364,0.108062671947854,1.25843287853888,0.368767703740364,"2025-04-07","2025-04-14",0.0357673542829469,0.333000349457417
"Ohau Channel",2,0.368767703740364,0.0649931976990024,2.09236695741204,0.368767703740364,"2025-04-07","2025-04-21",0.00745519286098403,0.36131251087938
"Ohau Channel",3,0.368767703740364,0.0439983229845361,3.09079096877708,0.368767703740364,"2025-04-07","2025-04-28",0.00372734481155085,0.365040358928813
"Ohau Channel",4,0.368767703740364,0.0316663876745867,4.29444686648225,0.368767703740364,"2025-04-07","2025-05-05",0.00132112692738329,0.367446576812981
"Hamurana",1,0.371295744404895,0.193125887422364,0.713837650939492,0.371295744404895,"2025-04-14","2025-04-21",0.000349608879693093,0.370946135525202
"Hamurana",2,0.371295744404895,0.147317303868031,0.935806766710055,0.371295744404895,"2025-04-14","2025-04-28",0.00188270260270295,0.369413041802192
"Hamurana",3,0.371295744404895,0.119681297912918,1.15189701496632,0.371295744404895,"2025-04-14","2025-05-05",0.00945154509409208,0.361844199310803
"Hamurana",4,0.371295744404895,0.100452560942909,1.37239437719797,0.371295744404895,"2025-04-14","2025-05-12",0.0185420478054869,0.352753696599408
"Holdens Bay",1,0.368549938240921,0.130931384980551,1.03740640181545,0.368549938240921,"2025-04-14","2025-04-21",0.000468050447297995,0.368081887793623
"Holdens Bay",2,0.368549938240921,0.0852853443210659,1.59264241774113,0.368549938240921,"2025-04-14","2025-04-28",0.00441808188724311,0.364131856353678
"Holdens Bay",3,0.368549938240921,0.0613792584180104,2.2129471824562,0.368549938240921,"2025-04-14","2025-05-05",0.00713527129832347,0.361414666942598
"Holdens Bay",4,0.368549938240921,0.0465148024572967,2.92012541818459,0.368549938240921,"2025-04-14","2025-05-12",0.0398020066694638,0.328747931571458
"Ngongotaha",1,0.384898144499281,0.143326457818284,1.03363038404826,0.384898144499281,"2025-04-14","2025-04-21",0,0.384898144499281
"Ngongotaha",2,0.384898144499281,0.095196436840866,1.55621981825472,0.384898144499281,"2025-04-14","2025-04-28",0.0257480671095559,0.359150077389725
"Ngongotaha",3,0.384898144499281,0.0695444270086924,2.13024375943845,0.384898144499281,"2025-04-14","2025-05-05",0.0135767563274903,0.371321388171791
"Ngongotaha",4,0.384898144499281,0.0533711939231616,2.77577791968221,0.384898144499281,"2025-04-14","2025-05-12",0.0597077583314212,0.32519038616786
"Ohau Channel",1,0.381275661025748,0.111937426931252,1.29868207333284,0.381275661025748,"2025-04-14","2025-04-21",0.00745519286098403,0.373820468164763
"Ohau Channel",2,0.381275661025748,0.0673758799588044,2.15761381935946,0.381275661025748,"2025-04-14","2025-04-28",0.00372734481155085,0.377548316214197
"Ohau Channel",3,0.381275661025748,0.0456384832001597,3.18527522163822,0.381275661025748,"2025-04-14","2025-05-05",0.00132112692738329,0.379954534098364
"Ohau Channel",4,0.381275661025748,0.0328633291573866,4.42350587776485,0.381275661025748,"2025-04-14","2025-05-12",0.0118455634676859,0.369430097558062
"Hamurana",1,0.368008077575637,0.191625210796368,0.706743880923014,0.368008077575637,"2025-04-21","2025-04-28",0.00188270260270295,0.366125374972934
"Hamurana",2,0.368008077575637,0.1462387859168,0.926087729133406,0.368008077575637,"2025-04-21","2025-05-05",0.00945154509409208,0.358556532481545
"Hamurana",3,0.368008077575637,0.118846392055441,1.13953770761285,0.368008077575637,"2025-04-21","2025-05-12",0.0185420478054869,0.34946602977015
"Hamurana",4,0.368008077575637,0.0997810201739538,1.35727160260351,0.368008077575637,"2025-04-21","2025-05-19",0.00553273813797724,0.36247533943766
"Holdens Bay",1,0.368051667610621,0.130968146369237,1.03431279884692,0.368051667610621,"2025-04-21","2025-04-28",0.00441808188724311,0.363633585723378
"Holdens Bay",2,0.368051667610621,0.0853670352951996,1.586818958425,0.368051667610621,"2025-04-21","2025-05-05",0.00713527129832347,0.360916396312298
"Holdens Bay",3,0.368051667610621,0.0614699592976131,2.20371107413795,0.368051667610621,"2025-04-21","2025-05-12",0.0398020066694638,0.328249660941157
"Holdens Bay",4,0.368051667610621,0.0466039332867267,2.90666517775529,0.368051667610621,"2025-04-21","2025-05-19",0.020681583058227,0.347370084552394
"Ngongotaha",1,0.367879441171442,0.137208805311968,0.986345467617071,0.367879441171442,"2025-04-21","2025-04-28",0.0257480671095559,0.342131374061886
"Ngongotaha",2,0.367879441171442,0.0911936430679579,1.48404295171934,0.367879441171442,"2025-04-21","2025-05-05",0.0135767563274903,0.354302684843952
"Ngongotaha",3,0.367879441171442,0.066654180477781,2.03040952970274,0.367879441171442,"2025-04-21","2025-05-12",0.0597077583314212,0.308171682840021
"Ngongotaha",4,0.367879441171442,0.0511750702762538,2.64455490741966,0.367879441171442,"2025-04-21","2025-05-19",0.0116283321222435,0.356251109049199
"Ohau Channel",1,0.370632302159459,0.109015896772746,1.26007589232952,0.370632302159459,"2025-04-21","2025-04-28",0.00372734481155085,0.366904957347908
"Ohau Channel",2,0.370632302159459,0.0656681241996666,2.09185666681062,0.370632302159459,"2025-04-21","2025-05-05",0.00132112692738329,0.369311175232076
"Ohau Channel",3,0.370632302159459,0.0445080856381641,3.08636737425148,0.370632302159459,"2025-04-21","2025-05-12",0.0118455634676859,0.358786738691773
"Ohau Channel",4,0.370632302159459,0.0320653803781325,4.28400666962619,0.370632302159459,"2025-04-21","2025-05-19",0.0792922421447117,0.291340060014747
"Hamurana",1,0.368572701149223,0.192128231477758,0.707058171449212,0.368572701149223,"2025-04-28","2025-05-05",0.00945154509409208,0.359121156055131
"Hamurana",2,0.368572701149223,0.14668878846552,0.926081927961155,0.368572701149223,"2025-04-28","2025-05-12",0.0185420478054869,0.350030653343736
"Hamurana",3,0.368572701149223,0.119253353462481,1.13913640235848,0.368572701149223,"2025-04-28","2025-05-19",0.00553273813797724,0.363039963011246
"Hamurana",4,0.368572701149223,0.100151902774335,1.35639795420089,0.368572701149223,"2025-04-28","2025-05-26",0.00385565739073303,0.36471704375849
"Holdens Bay",1,0.36950835836231,0.131700444806788,1.03671955778066,0.36950835836231,"2025-04-28","2025-05-05",0.00713527129832347,0.362373087063986
"Holdens Bay",2,0.36950835836231,0.0859021887464818,1.58944060555385,0.36950835836231,"2025-04-28","2025-05-12",0.0398020066694638,0.329706351692846
"Holdens Bay",3,0.36950835836231,0.0618872771996481,2.20621156848028,0.36950835836231,"2025-04-28","2025-05-19",0.020681583058227,0.348826775304083
"Holdens Bay",4,0.36950835836231,0.0469407708101117,2.90869588511736,0.36950835836231,"2025-04-28","2025-05-26",0.0659333525952289,0.303575005767081
"Ngongotaha",1,0.377474624322406,0.141013459457586,1.01045029712358,0.377474624322406,"2025-04-28","2025-05-05",0.0135767563274903,0.363897867994915
"Ngongotaha",2,0.377474624322406,0.0937846114869586,1.51930140508345,0.377474624322406,"2025-04-28","2025-05-12",0.0597077583314212,0.317766865990984
"Ngongotaha",3,0.377474624322406,0.0685828824831997,2.07758972571976,0.377474624322406,"2025-04-28","2025-05-19",0.0116283321222435,0.365846292200162
"Ngongotaha",4,0.377474624322406,0.0526784966907139,2.70484355018542,0.377474624322406,"2025-04-28","2025-05-26",0.00377121800982963,0.373703406312576
"Ohau Channel",1,0.369253213368609,0.108812581546793,1.25305303527248,0.369253213368609,"2025-04-28","2025-05-05",0.00132112692738329,0.367932086441226
"Ohau Channel",2,0.369253213368609,0.0655962009960349,2.07859500264787,0.369253213368609,"2025-04-28","2025-05-12",0.0118455634676859,0.357407649900923
"Ohau Channel",3,0.369253213368609,0.0444856447228156,3.06498728820522,0.369253213368609,"2025-04-28","2025-05-19",0.0792922421447117,0.289960971223897
"Ohau Channel",4,0.369253213368609,0.0320651993651251,4.25220919509824,0.369253213368609,"2025-04-28","2025-05-26",0.0334569731319508,0.335796240236658
"Hamurana",1,0.37137295383837,0.193797614107501,0.711659281657263,0.37137295383837,"2025-05-05","2025-05-12",0.0185420478054869,0.352830906032883
"Hamurana",2,0.37137295383837,0.148029713499249,0.931690453101741,0.37137295383837,"2025-05-05","2025-05-19",0.00553273813797724,0.365840215700392
"Hamurana",3,0.37137295383837,0.120384896470465,1.1456409806065,0.37137295383837,"2025-05-05","2025-05-26",0.00385565739073303,0.367517296447637
"Holdens Bay",1,0.370513747859229,0.132272659371028,1.03785950933078,0.370513747859229,"2025-05-05","2025-05-12",0.0398020066694638,0.330711741189766
"Holdens Bay",2,0.370513747859229,0.0863332669334727,1.59012211895652,0.370513747859229,"2025-05-05","2025-05-19",0.020681583058227,0.349832164801002
"Holdens Bay",3,0.370513747859229,0.0622298411278698,2.20602262298258,0.370513747859229,"2025-05-05","2025-05-26",0.0659333525952289,0.304580395264001
"Ngongotaha",1,0.372908109963945,0.13953044716332,0.996631640649099,0.372908109963945,"2025-05-05","2025-05-12",0.0597077583314212,0.313200351632524
"Ngongotaha",2,0.372908109963945,0.0928597718932283,1.49753176905039,0.372908109963945,"2025-05-05","2025-05-19",0.0116283321222435,0.361279777841702
"Ngongotaha",3,0.372908109963945,0.0679410812202746,2.04678018040408,0.372908109963945,"2025-05-05","2025-05-26",0.00377121800982963,0.369136891954116
"Ohau Channel",1,0.368365777792671,0.108752365681191,1.24772776572591,0.368365777792671,"2025-05-05","2025-05-12",0.0118455634676859,0.356520214324985
"Ohau Channel",2,0.368365777792671,0.0656102308268595,2.06817358419122,0.368365777792671,"2025-05-05","2025-05-19",0.0792922421447117,0.289073535647959
"Ohau Channel",3,0.368365777792671,0.044521368028435,3.04782517379373,0.368365777792671,"2025-05-05","2025-05-26",0.0334569731319508,0.33490880466072
"Hamurana",1,0.374764311902675,0.195778083388973,0.717385148759691,0.374764311902675,"2025-05-12","2025-05-19",0.00553273813797724,0.369231573764698
"Hamurana",2,0.374764311902675,0.149609189178285,0.938767800609612,0.374764311902675,"2025-05-12","2025-05-26",0.00385565739073303,0.370908654511942
"Holdens Bay",1,0.382817083241845,0.136884369020776,1.07060375315424,0.382817083241845,"2025-05-12","2025-05-19",0.020681583058227,0.362135500183618
"Holdens Bay",2,0.382817083241845,0.0894026863340849,1.63920040024481,0.382817083241845,"2025-05-12","2025-05-26",0.0659333525952289,0.316883730646616
"Ngongotaha",1,0.390513694307321,0.146348741439345,1.04203797000028,0.390513694307321,"2025-05-12","2025-05-19",0.0116283321222435,0.378885362185077
"Ngongotaha",2,0.390513694307321,0.0974611629525524,1.5647355399996,0.390513694307321,"2025-05-12","2025-05-26",0.00377121800982963,0.386742476297491
"Ohau Channel",1,0.372263092592441,0.110105789841822,1.2586060215868,0.372263092592441,"2025-05-12","2025-05-19",0.0792922421447117,0.29297085044773
"Ohau Channel",2,0.372263092592441,0.0664775011814324,2.08461220177744,0.372263092592441,"2025-05-12","2025-05-26",0.0334569731319508,0.33880611946049
"Hamurana",1,0.369920462798381,0.193454662048488,0.70735513607147,0.369920462798381,"2025-05-19","2025-05-26",0.00385565739073303,0.366064805407648
"Holdens Bay",1,0.375566991734162,0.134507122825251,1.0486475535091,0.375566991734162,"2025-05-19","2025-05-26",0.0659333525952289,0.309633639138933
"Ngongotaha",1,0.37218223416279,0.139697950665664,0.991565121509347,0.37218223416279,"2025-05-19","2025-05-26",0.00377121800982963,0.36841101615296
"Ohau Channel",1,0.398237085892475,0.11800213270221,1.34398229039093,0.398237085892475,"2025-05-19","2025-05-26",0.0334569731319508,0.364780112760525
